ParticipantIdentifier,Age,Low Start/High Start,Clump/Even,NativeSpeaker,EngAoA,Bilingual,Gender,WorkerType,TimeToCompletion,CompletionDate,R,Rmin,Rmax,dprime,dmin,dmax,AUROC,File,Task Condition,Fit type
3PwxlD6Y7RDPN1Ctf82w,45,Low Start,Even,1,unknown,0,female,turker,15,03/07/2020,0.175836656190551,0,0.35,0.708736338136621,0.235603857364346,1.13125817659977,0.746048625022424,\\campus\rdw\ion02\02\smulderslab\Memory ROC\Georgia data\Christine test data\3PwxlD6Y7RDPN1Ctf82w_responses.xlsx,Sheet1,Conf
Ph4ikT1rwiAGQLwmW5kC,52,Low Start,Even,1,unknown,0,male,turker,15,03/07/2020,0.076679957662968,0.01,0.15,0.306921021993978,3.96944714893165E-05,0.619451395145857,0.61765835649697,\\campus\rdw\ion02\02\smulderslab\Memory ROC\Georgia data\Christine test data\Ph4ikT1rwiAGQLwmW5kC_responses.xlsx,Sheet1,Conf
cTk7v32c5SOscYoWEP1b,56,Low Start,Even,1,unknown,0,female,turker,14,03/07/2020,0.55907359497372,0.4,0.6,1.0663591733943,0.540603034999154,1.58872394648072,0.900607992414325,\\campus\rdw\ion02\02\smulderslab\Memory ROC\Georgia data\Christine test data\cTk7v32c5SOscYoWEP1b_responses.xlsx,Sheet1,Conf
J6W3sdGwDw0cCjCus81Q,42,Low Start,Even,1,unknown,0,male,turker,13,03/07/2020,0.162620564909975,0,0.25,0.321068425167696,4.33026498573645E-05,0.877567802972386,0.656506375002098,\\campus\rdw\ion02\02\smulderslab\Memory ROC\Georgia data\Christine test data\J6W3sdGwDw0cCjCus81Q_responses.xlsx,Sheet1,Conf
v2DAxkJ9DrNxxMdrEgcL,34,High Start,Even,1,unknown,0,male,turker,19,03/07/2020,0.320073109645375,0.1,0.45,0.330869870451824,3.55745885100643E-05,0.769529741721777,0.722924124984981,\\campus\rdw\ion02\02\smulderslab\Memory ROC\Georgia data\Christine test data\v2DAxkJ9DrNxxMdrEgcL_responses.xlsx,Sheet1,Conf
0QdYxTabECPS8sKiqFTT,61,High Start,Even,1,unknown,0,female,turker,15,03/07/2020,0.131958523764149,0,0.2,0.705108543859787,0.407293570013875,1.02219962262335,0.731744362835917,\\campus\rdw\ion02\02\smulderslab\Memory ROC\Georgia data\Christine test data\0QdYxTabECPS8sKiqFTT_responses.xlsx,Sheet1,Conf
KkuDuCGVPLaXx9ep2SBb,35,High Start,Even,1,unknown,1,male,turker,14,03/07/2020,0.087095354500436,0,0.3,1.02131077704051,0.476363118824356,1.36714419775899,0.785382027114368,\\campus\rdw\ion02\02\smulderslab\Memory ROC\Georgia data\Christine test data\KkuDuCGVPLaXx9ep2SBb_responses.xlsx,Sheet1,Conf
L0jF2eOhrbfrWTMaXV42,32,Low Start,Clump,1,unknown,0,male,turker,13,03/07/2020,0.152442914686841,0.1,0.2,0.086437163598784,8.32667268468867E-17,0.365928721779538,0.596874668315542,\\campus\rdw\ion02\02\smulderslab\Memory ROC\Georgia data\Christine test data\L0jF2eOhrbfrWTMaXV42_responses.xlsx,Sheet1,Conf
wWhc8kwutEpgoN8jPsJ9,28,High Start,Clump,1,unknown,0,male,turker,16,04/07/2020,5.03631179102151E-06,0,0.3,0.408945723436658,3.84699997398667E-05,0.617227750979889,0.613775359277769,\\campus\rdw\ion02\02\smulderslab\Memory ROC\Georgia data\Christine test data\wWhc8kwutEpgoN8jPsJ9_responses.xlsx,Sheet1,Conf
olxyimXOf6bgbhPHjefq,20,High Start,Clump,0,13,1,male,turker,12,04/07/2020,0.359138465720249,0.1,0.45,0.549762382541169,0.080841412826596,1.07953488960918,0.776509510972327,\\campus\rdw\ion02\02\smulderslab\Memory ROC\Georgia data\Christine test data\olxyimXOf6bgbhPHjefq_responses.xlsx,Sheet1,Conf
iTL1V7fP1YGqcPCy2Cjj,21,High Start,Clump,1,unknown,1,female,turker,22,04/07/2020,0.269480364021848,0,0.45,0.393817120923531,0,0.934440527852943,0.71485925635582,\\campus\rdw\ion02\02\smulderslab\Memory ROC\Georgia data\Christine test data\iTL1V7fP1YGqcPCy2Cjj_responses.xlsx,Sheet1,Conf
maXKXLHAqxIu87hL4fYg,35,High Start,Clump,1,unknown,1,female,turker,16,04/07/2020,0.080928449852209,0,0.2,2.14840727694937E-06,8.61649486022904E-07,0.277851009751271,0.540464472083964,\\campus\rdw\ion02\02\smulderslab\Memory ROC\Georgia data\Christine test data\maXKXLHAqxIu87hL4fYg_responses.xlsx,Sheet1,Conf
LpRUIM5W47XGwsYIpo2D,19,Low Start,Clump,0,5,1,female,turker,15,04/07/2020,0.152227710690623,0,0.3,0.122211406324966,2.82693397526967E-05,0.496902699250949,0.605304328946746,\\campus\rdw\ion02\02\smulderslab\Memory ROC\Georgia data\Christine test data\LpRUIM5W47XGwsYIpo2D_responses.xlsx,Sheet1,Conf
u8MAPKac0E0HQTqgxI8I,26,Low Start,Clump,1,unknown,0,male,turker,10,04/07/2020,0.336488999264788,0.15,0.45,0.490887150728178,0.047839839810503,0.94164076823438,0.758312851162859,\\campus\rdw\ion02\02\smulderslab\Memory ROC\Georgia data\Christine test data\u8MAPKac0E0HQTqgxI8I_responses.xlsx,Sheet1,Conf
11qM4eXcxkc1hI23kKW9,29,Low Start,Clump,1,unknown,1,male,turker,16,04/07/2020,0.408249445978089,0.15,0.5,0.441571053130599,4.03795461020568E-05,1.07872356127001,0.776655365869615,\\campus\rdw\ion02\02\smulderslab\Memory ROC\Georgia data\Christine test data\11qM4eXcxkc1hI23kKW9_responses.xlsx,Sheet1,Conf
tWAWWACnM8C55WcWMVyr,32,Low Start,Clump,1,unknown,0,male,turker,18,04/07/2020,0.067499983039925,0,0.25,6.40960462985688E-08,6.73008486134972E-08,0.237843818864174,0.533749702380103,\\campus\rdw\ion02\02\smulderslab\Memory ROC\Georgia data\Christine test data\tWAWWACnM8C55WcWMVyr_responses.xlsx,Sheet1,Conf
lPSoUXYbB2b4vvTq4Kl2,54,Low Start,Clump,1,unknown,0,male,turker,31,04/07/2020,0.074893423821343,0,0.4,0.705299437696102,0.188734566344804,1.02422253408201,0.714153233017693,\\campus\rdw\ion02\02\smulderslab\Memory ROC\Georgia data\Christine test data\lPSoUXYbB2b4vvTq4Kl2_responses.xlsx,Sheet1,Conf
PsktWkVq7u5Vi9D8k2xa,34,High Start,Even,1,unknown,0,male,turker,14,05/07/2020,0.294981036133799,0,0.4,0.386255205377406,5.85660027297081E-05,1.09925382099358,0.72336501275986,\\campus\rdw\ion02\02\smulderslab\Memory ROC\Georgia data\Christine test data\PsktWkVq7u5Vi9D8k2xa_responses.xlsx,Sheet1,Conf
ksBIYPmUgTx7IHw2L42b,27,High Start,Even,1,unknown,0,male,turker,16,05/07/2020,1.13388878860206E-16,0,0.2,0.444801104121275,6.00150660604328E-05,0.652853493334376,0.623437358908062,\\campus\rdw\ion02\02\smulderslab\Memory ROC\Georgia data\Christine test data\ksBIYPmUgTx7IHw2L42b_responses.xlsx,Sheet1,Conf
FaGYjTjXlTp7IlBQN0Rq,32,High Start,Even,1,unknown,1,male,turker,23,05/07/2020,0.688249739036341,0,0.8,0.475842725942513,1.56798660309829E-05,1.72156577055173,0.885195286681676,\\campus\rdw\ion02\02\smulderslab\Memory ROC\Georgia data\Christine test data\FaGYjTjXlTp7IlBQN0Rq_responses.xlsx,Sheet1,Conf
8Oo65iouDr7MttFr8eU9,32,High Start,Even,1,unknown,0,male,turker,18,05/07/2020,0.14178578931709,0,0.2,0.800300614036697,0.494509689053495,1.16050692412965,0.754780820529014,\\campus\rdw\ion02\02\smulderslab\Memory ROC\Georgia data\Christine test data\8Oo65iouDr7MttFr8eU9_responses.xlsx,Sheet1,Conf
0byyJjFw7xaS6bv4Xbbl,34,Low Start,Even,1,unknown,0,male,turker,17,05/07/2020,0.012169627187841,0,0.1,1.25484275487337E-07,1.25484275487337E-07,0.100149583061883,0.506084558421582,\\campus\rdw\ion02\02\smulderslab\Memory ROC\Georgia data\Christine test data\0byyJjFw7xaS6bv4Xbbl_responses.xlsx,Sheet1,Conf
VSvMan4UTCS7Yhu6Pyal,53,Low Start,Even,1,unknown,0,male,turker,17,05/07/2020,0.379023743945369,0,0.45,1.35404547944469,0.947965796897186,2.00217790395824,0.894949845287966,\\campus\rdw\ion02\02\smulderslab\Memory ROC\Georgia data\Christine test data\VSvMan4UTCS7Yhu6Pyal_responses.xlsx,Sheet1,Conf
m7YvwM8CxDuIMiIhSOpk,69,Low Start,Even,1,unknown,0,female,turker,30,05/07/2020,0.331053467097517,0,0.45,0.995999286045681,0.54198511231725,1.55113976862053,0.839031186026706,\\campus\rdw\ion02\02\smulderslab\Memory ROC\Georgia data\Christine test data\m7YvwM8CxDuIMiIhSOpk_responses.xlsx,Sheet1,Conf
nFxE0RRpNflColeXjnka,36,Low Start,Even,1,unknown,0,male,turker,22,05/07/2020,0.26363820948886,0,0.5,0.806535266926367,0.146609743491478,1.28373558566317,0.790699991094331,\\campus\rdw\ion02\02\smulderslab\Memory ROC\Georgia data\Christine test data\nFxE0RRpNflColeXjnka_responses.xlsx,Sheet1,Conf
HdfMS9EbaT0oCN8jVDpf,30,Low Start,Even,1,unknown,0,male,turker,19,05/07/2020,6.03891658353215E-07,0,0.15,0.308173086797173,0.015239178282911,0.50710350722105,0.58625084203196,\\campus\rdw\ion02\02\smulderslab\Memory ROC\Georgia data\Christine test data\HdfMS9EbaT0oCN8jVDpf_responses.xlsx,Sheet1,Conf
Hbco4qGiMfx4NgLFfwrX,29,Low Start,Even,0,5,1,male,turker,27,05/07/2020,4.86609412378829E-05,0,0.35,0.153257190673846,3.49641007597307E-05,0.372835732634956,0.54317052672924,\\campus\rdw\ion02\02\smulderslab\Memory ROC\Georgia data\Christine test data\Hbco4qGiMfx4NgLFfwrX_responses.xlsx,Sheet1,Conf
eCGCJQtSYFO7tiNThGPV,26,Low Start,Even,1,unknown,0,male,turker,30,05/07/2020,0.124078563600778,0.01,0.25,3.54151614010413E-07,3.9045215444648E-07,0.33504054567655,0.562039047089906,\\campus\rdw\ion02\02\smulderslab\Memory ROC\Georgia data\Christine test data\eCGCJQtSYFO7tiNThGPV_responses.xlsx,Sheet1,Conf
tA2PPGP3I9WoOnQyj5Tq,60,High Start,Clump,1,unknown,0,female,turker,18,05/07/2020,0.299364319197878,0.25,0.35,0.642063666777038,0.20988114208787,1.07642339418929,0.772354986298152,\\campus\rdw\ion02\02\smulderslab\Memory ROC\Georgia data\Christine test data\tA2PPGP3I9WoOnQyj5Tq_responses.xlsx,Sheet1,Conf
SN3WUbSGDLpBPyUVPNsS,28,High Start,Clump,1,unknown,1,male,turker,18,05/07/2020,3.89390068831231E-06,0,0.35,0.327212846264509,4.85722573273506E-17,0.519992895933459,0.591489335059376,\\campus\rdw\ion02\02\smulderslab\Memory ROC\Georgia data\Christine test data\SN3WUbSGDLpBPyUVPNsS_responses.xlsx,Sheet1,Conf
18Qs0CslyhfR5XeoHYbb,25,High Start,Clump,1,unknown,1,female,turker,27,05/07/2020,1.2347291677658E-06,0,0.05,1.95630940248903E-06,7.47243699239809E-07,0.090060427069673,0.500000882576659,\\campus\rdw\ion02\02\smulderslab\Memory ROC\Georgia data\Christine test data\18Qs0CslyhfR5XeoHYbb_responses.xlsx,Sheet1,Conf
wRhqynXuCTsy1cbeeTHo,28,High Start,Clump,1,unknown,0,male,turker,22,05/07/2020,7.27065976868781E-17,0,0.075,6.44531249999742E-06,2.46189030688446E-06,0.080639498110281,0.500001531537478,\\campus\rdw\ion02\02\smulderslab\Memory ROC\Georgia data\Christine test data\wRhqynXuCTsy1cbeeTHo_responses.xlsx,Sheet1,Conf
rBYKUP3biY0QAMqPwa6k,26,Low Start,Clump,1,unknown,1,male,turker,12,05/07/2020,8.25655791488071E-06,0,0.075,3.45862749964014E-05,1.32107815043747E-05,0.172904324100294,0.500013598152302,\\campus\rdw\ion02\02\smulderslab\Memory ROC\Georgia data\Christine test data\rBYKUP3biY0QAMqPwa6k_responses.xlsx,Sheet1,Conf
WftaLTNIChyWE2WOvVBG,57,Low Start,Clump,1,unknown,0,female,turker,17,05/07/2020,0.145710484286001,0,0.3,0.302313783119116,2.35562663250602E-05,0.717055529160609,0.645158643405334,\\campus\rdw\ion02\02\smulderslab\Memory ROC\Georgia data\Christine test data\WftaLTNIChyWE2WOvVBG_responses.xlsx,Sheet1,Conf
LC0dpdwnoYC6qYtYHxRf,43,Low Start,Clump,1,unknown,0,female,turker,14,05/07/2020,0.014296579554504,0,0.35,0.965344268971627,0.475407142334571,1.24225983453887,0.756107751677543,\\campus\rdw\ion02\02\smulderslab\Memory ROC\Georgia data\Christine test data\LC0dpdwnoYC6qYtYHxRf_responses.xlsx,Sheet1,Conf
9PM1e0t89EI4lSHm1mau,46,Low Start,Clump,1,unknown,0,female,turker,14,05/07/2020,0.159341513551773,0.04,0.25,0.109062149325026,2.13173513692641E-05,0.503588076905835,0.605508415241121,\\campus\rdw\ion02\02\smulderslab\Memory ROC\Georgia data\Christine test data\9PM1e0t89EI4lSHm1mau_responses.xlsx,Sheet1,Conf
ACgyhnxLa8BwQEp0jqg4,36,Low Start,Clump,1,unknown,0,male,turker,25,05/07/2020,0.072105073026503,0,0.45,0.52301123634481,5.43932107545701E-05,0.81102270401564,0.669895038296099,\\campus\rdw\ion02\02\smulderslab\Memory ROC\Georgia data\Christine test data\ACgyhnxLa8BwQEp0jqg4_responses.xlsx,Sheet1,Conf
20kmkNdmxVqWCIS3cNfy,31,High Start,Clump,1,unknown,0,male,turker,13,05/07/2020,0.17859345672473,0,0.4,0.635362232345055,0.114851406789112,1.03326387136914,0.731712865041158,\\campus\rdw\ion02\02\smulderslab\Memory ROC\Georgia data\Christine test data\20kmkNdmxVqWCIS3cNfy_responses.xlsx,Sheet1,Conf
42EdqEDitqM3OH15Uyya,30,High Start,Clump,1,unknown,0,male,turker,20,05/07/2020,1.51192637059364E-06,0,0.04,3.45862749964014E-05,1.32107815043747E-05,0.179247815579558,0.500010225904268,\\campus\rdw\ion02\02\smulderslab\Memory ROC\Georgia data\Christine test data\42EdqEDitqM3OH15Uyya_responses.xlsx,Sheet1,Conf
O0QtWgLHrU0jhptwjkMO,35,High Start,Clump,0,16,1,female,turker,20,05/07/2020,0.077389582065717,0,0.15,0.982578122756009,0.66437965789898,1.32458552341882,0.7752571677106,\\campus\rdw\ion02\02\smulderslab\Memory ROC\Georgia data\Christine test data\O0QtWgLHrU0jhptwjkMO_responses.xlsx,Sheet1,Conf
fI0bT2B8KCvOUsMH4cmO,50,High Start,Clump,1,unknown,0,male,turker,15,05/07/2020,0.323849743541108,0.2,0.4,0.72404668473985,0.124519480568351,1.18380027868198,0.794224811125208,\\campus\rdw\ion02\02\smulderslab\Memory ROC\Georgia data\Christine test data\fI0bT2B8KCvOUsMH4cmO_responses.xlsx,Sheet1,Conf
i8xMsFSpby0LMGrbDVDv,43,High Start,Clump,0,6,1,male,turker,17,05/07/2020,0.249502162725103,0,0.4,0.196330890881813,3.93788320633237E-05,0.720192971331651,0.666183152349223,\\campus\rdw\ion02\02\smulderslab\Memory ROC\Georgia data\Christine test data\i8xMsFSpby0LMGrbDVDv_responses.xlsx,Sheet1,Conf
Hf6UMFxJGslMe6bsjoTw,30,High Start,Even,1,unknown,0,female,turker,12,05/07/2020,0.074082987008832,0,0.2,0.568735713352949,0.189799631300634,0.879116063860762,0.681683988895493,\\campus\rdw\ion02\02\smulderslab\Memory ROC\Georgia data\Christine test data\Hf6UMFxJGslMe6bsjoTw_responses.xlsx,Sheet1,Conf
yCHJLNQk8VgvKkryAVpp,34,High Start,Even,1,unknown,0,other,turker,10,05/07/2020,0.018647390898047,0,0.3,0.257877605907739,0,0.476053826699954,0.580319157643353,\\campus\rdw\ion02\02\smulderslab\Memory ROC\Georgia data\Christine test data\yCHJLNQk8VgvKkryAVpp_responses.xlsx,Sheet1,Conf
kXNQROJhC1R7gboXrYqX,29,High Start,Even,1,unknown,1,female,turker,25,05/07/2020,0.043717788128142,0,0.1,3.85494232177743E-05,1.54607978936097E-05,0.33777505968763,0.521868994061442,\\campus\rdw\ion02\02\smulderslab\Memory ROC\Georgia data\Christine test data\kXNQROJhC1R7gboXrYqX_responses.xlsx,Sheet1,Conf
Q7RXhS0ywM6u3EyxxhyQ,39,High Start,Even,1,unknown,0,male,turker,13,05/07/2020,0.20003356124244,0.02,0.3,0.754232696734003,0.457365538834329,1.06798697017409,0.762485684892719,\\campus\rdw\ion02\02\smulderslab\Memory ROC\Georgia data\Christine test data\Q7RXhS0ywM6u3EyxxhyQ_responses.xlsx,Sheet1,Conf
Civ8jdtyhrJeU0JcJ5m4,37,Low Start,Clump,1,unknown,0,male,turker,11,05/07/2020,0.099989806887374,0,0.15,0.602923551799875,0.14136376713434,1.09977164732362,0.698556401440361,\\campus\rdw\ion02\02\smulderslab\Memory ROC\Georgia data\Christine test data\Civ8jdtyhrJeU0JcJ5m4_responses.xlsx,Sheet1,Conf
DMy3dmyO5xKMSLkICBTR,30,Low Start,Clump,1,unknown,0,male,turker,16,05/07/2020,0.200920475502684,0,0.45,0.432879753575477,5.50991784713065E-05,0.835089192299168,0.696535496250279,\\campus\rdw\ion02\02\smulderslab\Memory ROC\Georgia data\Christine test data\DMy3dmyO5xKMSLkICBTR_responses.xlsx,Sheet1,Conf
LHFRv8DYg6uae28Y35IV,32,High Start,Even,1,unknown,1,male,turker,32,05/07/2020,1.57944502195844E-06,0,0.05,2.26217058661875E-05,8.64072275738075E-06,0.183017593777516,0.50000688452568,\\campus\rdw\ion02\02\smulderslab\Memory ROC\Georgia data\Christine test data\LHFRv8DYg6uae28Y35IV_responses.xlsx,Sheet1,Conf
a9myavWihbGPimDfeBuw,39,Low Start,Clump,1,unknown,0,female,turker,17,05/07/2020,0.43495309950084,0.25,0.5,0.962408638112867,0.387838858455669,1.53716230455612,0.859819577380524,\\campus\rdw\ion02\02\smulderslab\Memory ROC\Georgia data\Christine test data\a9myavWihbGPimDfeBuw_responses.xlsx,Sheet1,Conf
F6NsJsSyi6HPafh2E88X,30,High Start,Clump,1,unknown,0,female,turker,14,05/07/2020,4.42614694895482E-16,0,0.1,1.28906249999974E-05,4.92378061376991E-06,0.103989722518132,0.500003349726528,\\campus\rdw\ion02\02\smulderslab\Memory ROC\Georgia data\Christine test data\F6NsJsSyi6HPafh2E88X_responses.xlsx,Sheet1,Conf
scYkaP0rC6NPYK9BdraC,36,High Start,Clump,1,unknown,1,male,turker,35,05/07/2020,3.6258545186987E-06,0,0.2,1.81743735447541E-05,6.94199296985918E-06,0.295880898302827,0.500006653152072,\\campus\rdw\ion02\02\smulderslab\Memory ROC\Georgia data\Christine test data\scYkaP0rC6NPYK9BdraC_responses.xlsx,Sheet1,Conf
XGdcELFHo4a3VHrTydc6,43,Low Start,Clump,1,unknown,1,male,turker,20,05/07/2020,3.21076656328165E-05,0,0.35,0.857783087876529,0.367936922983417,1.0965181927458,0.727931736355525,\\campus\rdw\ion02\02\smulderslab\Memory ROC\Georgia data\Christine test data\XGdcELFHo4a3VHrTydc6_responses.xlsx,Sheet1,Conf
tLuStAeohsmbCclxrE8f,44,Low Start,Even,1,unknown,0,male,turker,23,05/07/2020,0.101714828957573,0,0.3,0.661357038207992,0.239621510345417,0.980563185956667,0.712532792991057,\\campus\rdw\ion02\02\smulderslab\Memory ROC\Georgia data\Christine test data\tLuStAeohsmbCclxrE8f_responses.xlsx,Sheet1,Conf
IIQVnTuxcpwDGQRnOwYu,28,High Start,Even,0,5,1,male,turker,17,05/07/2020,2.83997689620819E-07,0,0.1,0.084075452438009,1.79174284573394E-05,0.285918135177269,0.523703131960323,\\campus\rdw\ion02\02\smulderslab\Memory ROC\Georgia data\Christine test data\IIQVnTuxcpwDGQRnOwYu_responses.xlsx,Sheet1,Conf
J15rciYeG5vTkfRd8hEg,35,Low Start,Clump,1,unknown,0,male,turker,33,05/07/2020,0.264996959791994,0,0.35,1.72628310747049,1.36875064563372,2.22829524953699,0.918336343171884,\\campus\rdw\ion02\02\smulderslab\Memory ROC\Georgia data\Christine test data\J15rciYeG5vTkfRd8hEg_responses.xlsx,Sheet1,Conf
tBKJIF18NkQNL9smeLjf,38,High Start,Clump,1,unknown,0,male,turker,12,08/07/2020,0.63416335097422,0,0.7,0.018842029811349,8.32667268468867E-17,1.01423596560365,0.819025675469351,\\campus\rdw\ion02\02\smulderslab\Memory ROC\Georgia data\Christine test data\tBKJIF18NkQNL9smeLjf_responses.xlsx,Sheet1,Conf
lUiecQkBGlMyLCPQbM08,24,High Start,Clump,1,unknown,0,male,turker,12,08/07/2020,2.12271213278375E-05,0,0.35,1.09134702052434,0.554674693185266,1.29092939207071,0.779857983105866,\\campus\rdw\ion02\02\smulderslab\Memory ROC\Georgia data\Christine test data\lUiecQkBGlMyLCPQbM08_responses.xlsx,Sheet1,Conf
QYX17jNRb4VvB6buMohJ,45,High Start,Clump,1,unknown,0,female,turker,14,08/07/2020,0.282063793686766,0.075,0.4,0.470593368602245,5.11585636445652E-05,0.9515942773337,0.734608974178338,\\campus\rdw\ion02\02\smulderslab\Memory ROC\Georgia data\Christine test data\QYX17jNRb4VvB6buMohJ_responses.xlsx,Sheet1,Conf
fMgAnF1NJ9lvbUgiWURx,37,High Start,Clump,1,unknown,0,male,turker,15,08/07/2020,0.224116378139635,0.05,0.3,0.24513773272843,4.61977114779429E-05,0.681535922052655,0.665444371424518,\\campus\rdw\ion02\02\smulderslab\Memory ROC\Georgia data\Christine test data\fMgAnF1NJ9lvbUgiWURx_responses.xlsx,Sheet1,Conf
SyJmGD4Qk1YdY12uHycT,35,High Start,Clump,1,unknown,0,female,turker,11,08/07/2020,0.614146036371876,0,0.7,1.21015438690524,0.578586202638912,2.08953718909532,0.924341637786251,\\campus\rdw\ion02\02\smulderslab\Memory ROC\Georgia data\Christine test data\SyJmGD4Qk1YdY12uHycT_responses.xlsx,Sheet1,Conf
L3m2QDgEviIOiyDlMBlw,36,High Start,Clump,1,unknown,0,male,turker,15,08/07/2020,0,0,0.05,0,0,0.082872010185028,0.499999713348428,\\campus\rdw\ion02\02\smulderslab\Memory ROC\Georgia data\Christine test data\L3m2QDgEviIOiyDlMBlw_responses.xlsx,Sheet1,Conf
BBhfuqXNkrBhghK87DsX,37,High Start,Clump,1,unknown,0,male,turker,17,08/07/2020,0.129203802418738,0,0.25,0.69605050665544,0.271881953771428,1.13368727558802,0.728924917312995,\\campus\rdw\ion02\02\smulderslab\Memory ROC\Georgia data\Christine test data\BBhfuqXNkrBhghK87DsX_responses.xlsx,Sheet1,Conf
u3iW3nir4B0IR8CR0ode,28,High Start,Clump,1,unknown,0,female,turker,16,08/07/2020,0.077552988388901,0.02,0.15,0.113246821106376,2.08166817117217E-16,0.371644323699897,0.56821353491655,\\campus\rdw\ion02\02\smulderslab\Memory ROC\Georgia data\Christine test data\u3iW3nir4B0IR8CR0ode_responses.xlsx,Sheet1,Conf
nhuEHcJYNRACSLLqGY8v,56,High Start,Clump,1,unknown,0,male,turker,17,08/07/2020,0.081272418181179,0.01,0.1,0.330667000334755,3.36660158378773E-05,0.755170793201366,0.625559811756279,\\campus\rdw\ion02\02\smulderslab\Memory ROC\Georgia data\Christine test data\nhuEHcJYNRACSLLqGY8v_responses.xlsx,Sheet1,Conf
scwDdWtht1hO2MxlAb2G,52,High Start,Clump,1,unknown,0,female,turker,12,08/07/2020,0.177177966203487,0.1,0.25,0.55620199696184,0.178530051213286,0.91397812953805,0.714438416707292,\\campus\rdw\ion02\02\smulderslab\Memory ROC\Georgia data\Christine test data\scwDdWtht1hO2MxlAb2G_responses.xlsx,Sheet1,Conf
BRCnD6kItx98qCCRW7MO,41,High Start,Clump,1,unknown,0,male,turker,14,08/07/2020,0.025296127558655,0,0.45,1.32856294935306,0.678663881509226,1.61916625782813,0.830641496139361,\\campus\rdw\ion02\02\smulderslab\Memory ROC\Georgia data\Christine test data\BRCnD6kItx98qCCRW7MO_responses.xlsx,Sheet1,Conf
l1sAFjTFsXxreN8fuWmC,62,High Start,Clump,1,unknown,0,female,turker,14,08/07/2020,0.337719212715179,0.01,0.45,0.667815890780469,0.132235723734837,1.27830113730292,0.789138842671264,\\campus\rdw\ion02\02\smulderslab\Memory ROC\Georgia data\Christine test data\l1sAFjTFsXxreN8fuWmC_responses.xlsx,Sheet1,Conf
tCX76C8sxaq2BHafjtIv,30,High Start,Clump,1,unknown,0,female,turker,18,08/07/2020,0.310813823487467,0,0.45,0.137461409336752,3.64322172924671E-05,0.663351048651015,0.682089233286774,\\campus\rdw\ion02\02\smulderslab\Memory ROC\Georgia data\Christine test data\tCX76C8sxaq2BHafjtIv_responses.xlsx,Sheet1,Conf
dCliarBVjlLvgqsrAgCo,32,High Start,Clump,1,unknown,0,male,turker,15,08/07/2020,1.53175929926711E-06,0,0.1,0.067817344197875,3.45531655534369E-05,0.296539444833648,0.519124039418847,\\campus\rdw\ion02\02\smulderslab\Memory ROC\Georgia data\Christine test data\dCliarBVjlLvgqsrAgCo_responses.xlsx,Sheet1,Conf
qYXNA9vDaHdVjPb17qlN,45,High Start,Clump,1,unknown,0,female,turker,10,08/07/2020,0.21267472551384,0,0.35,0.831402210840605,0.484486052363351,1.21089158142963,0.780884709609463,\\campus\rdw\ion02\02\smulderslab\Memory ROC\Georgia data\Christine test data\qYXNA9vDaHdVjPb17qlN_responses.xlsx,Sheet1,Conf
GC31FbnjdKe80uqcQH31,57,High Start,Clump,1,unknown,0,female,turker,14,08/07/2020,0.218979121138171,0.04,0.3,0.438596677406308,0.077367651651213,0.799002937196397,0.704594749654189,\\campus\rdw\ion02\02\smulderslab\Memory ROC\Georgia data\Christine test data\GC31FbnjdKe80uqcQH31_responses.xlsx,Sheet1,Conf
9rpiFGFvclamDrbyalHn,49,Low Start,Even,1,unknown,0,male,turker,11,08/07/2020,0.132125481369214,0,0.5,0.321174254841439,4.03518453597445E-05,0.739449443944402,0.644022533027443,\\campus\rdw\ion02\02\smulderslab\Memory ROC\Georgia data\Christine test data\9rpiFGFvclamDrbyalHn_responses.xlsx,Sheet1,Conf
aFWuMmWP6ingJtdOPLps,37,High Start,Clump,1,unknown,0,female,turker,16,08/07/2020,0.025857138164298,0,0.075,0.110481299518202,3.4679102608851E-05,0.411635988231651,0.543257754532684,\\campus\rdw\ion02\02\smulderslab\Memory ROC\Georgia data\Christine test data\aFWuMmWP6ingJtdOPLps_responses.xlsx,Sheet1,Conf
NgbvXVAp9PLAcra4xUDR,58,High Start,Clump,1,unknown,0,male,turker,20,08/07/2020,0.083038284242689,0,0.25,9.8686356071989E-08,1.03620673875588E-07,0.266164882343832,0.541518857193942,\\campus\rdw\ion02\02\smulderslab\Memory ROC\Georgia data\Christine test data\NgbvXVAp9PLAcra4xUDR_responses.xlsx,Sheet1,Conf
uXRaDJQTxvPqftarxajE,37,High Start,Clump,1,unknown,0,male,turker,17,08/07/2020,0.224028295589698,0.15,0.3,0.643557040035511,0.015398437286931,1.19280791155125,0.748172244700008,\\campus\rdw\ion02\02\smulderslab\Memory ROC\Georgia data\Christine test data\uXRaDJQTxvPqftarxajE_responses.xlsx,Sheet1,Conf
yqXFFVWODg3HBggOgWYH,24,High Start,Clump,1,unknown,0,male,turker,25,08/07/2020,3.44690801136304E-07,0,0.35,0.580994531748389,0.145094648065841,0.807532320815243,0.659399460647766,\\campus\rdw\ion02\02\smulderslab\Memory ROC\Georgia data\Christine test data\yqXFFVWODg3HBggOgWYH_responses.xlsx,Sheet1,Conf
jVpT9eD1iMvIYte41wko,33,High Start,Clump,1,unknown,0,female,turker,23,08/07/2020,0.239937957075586,0.075,0.3,1.25221617393887,0.856020470862917,1.63043433057854,0.857140848753777,\\campus\rdw\ion02\02\smulderslab\Memory ROC\Georgia data\Christine test data\jVpT9eD1iMvIYte41wko_responses.xlsx,Sheet1,Conf
TPwDHn6xk39DfI0sP95I,36,Low Start,Even,1,unknown,0,male,turker,12,08/07/2020,0.238895918885566,0.075,0.3,0.708946710321765,0.357469323380969,1.08730144399711,0.765519036305113,\\campus\rdw\ion02\02\smulderslab\Memory ROC\Georgia data\Christine test data\TPwDHn6xk39DfI0sP95I_responses.xlsx,Sheet1,Conf
Ak2Wvv4oJPUi339vLe63,42,High Start,Clump,1,unknown,0,male,turker,23,08/07/2020,0.33580128667464,0.15,0.45,0.552336400611291,0.196540545828624,0.91532162099396,0.768818072869054,\\campus\rdw\ion02\02\smulderslab\Memory ROC\Georgia data\Christine test data\Ak2Wvv4oJPUi339vLe63_responses.xlsx,Sheet1,Conf
J7tB6OM47t3uPHFHCmL8,56,Low Start,Even,1,unknown,1,female,turker,14,08/07/2020,0.190848205107666,0,0.35,0.36574114116519,4.53433518719567E-05,0.791488858542445,0.677985625192681,\\campus\rdw\ion02\02\smulderslab\Memory ROC\Georgia data\Christine test data\J7tB6OM47t3uPHFHCmL8_responses.xlsx,Sheet1,Conf
qp3ekLuKrVAwKKoD8foi,32,Low Start,Even,1,unknown,0,female,turker,17,08/07/2020,0.212562038457732,0,0.4,1.01846478946962,0.361556499739418,1.55375709242961,0.814390966236907,\\campus\rdw\ion02\02\smulderslab\Memory ROC\Georgia data\Christine test data\qp3ekLuKrVAwKKoD8foi_responses.xlsx,Sheet1,Conf
cLxXDFgr6nnroVYLHDx1,29,Low Start,Even,1,unknown,0,male,turker,18,08/07/2020,0.262353257595888,0,0.45,0.626427301918745,0.163753266814201,1.10700448267971,0.757387258510863,\\campus\rdw\ion02\02\smulderslab\Memory ROC\Georgia data\Christine test data\cLxXDFgr6nnroVYLHDx1_responses.xlsx,Sheet1,Conf
VQ7edrtfKUTL6HwTB3mB,66,Low Start,Even,1,unknown,0,male,turker,19,08/07/2020,0.466515956198499,0,0.6,1.12445131849535,0.353251540255605,1.97734146121844,0.886220587237169,\\campus\rdw\ion02\02\smulderslab\Memory ROC\Georgia data\Christine test data\VQ7edrtfKUTL6HwTB3mB_responses.xlsx,Sheet1,Conf
tIpNyNBVEV84oVsQ5Ork,34,High Start,Clump,0,5,1,female,turker,23,08/07/2020,0.235800185332264,0,0.5,0.505368934983389,3.45277279835931E-05,0.961374987838621,0.724570648774252,\\campus\rdw\ion02\02\smulderslab\Memory ROC\Georgia data\Christine test data\tIpNyNBVEV84oVsQ5Ork_responses.xlsx,Sheet1,Conf
Dck1yEyMxo75mFmiOP4U,38,Low Start,Even,1,unknown,0,female,turker,23,08/07/2020,0.131460035858305,0,0.3,2.99191426460623E-07,3.14150997783655E-07,0.325120011344723,0.565729766899483,\\campus\rdw\ion02\02\smulderslab\Memory ROC\Georgia data\Christine test data\Dck1yEyMxo75mFmiOP4U_responses.xlsx,Sheet1,Conf
UWVWNDM2VUUUOK1r0FAj,44,High Start,Even,1,unknown,0,female,turker,12,08/07/2020,0.4608545578307,0,0.7,0.561131109852394,3.88578058618805E-16,1.29123115686619,0.813582085339962,\\campus\rdw\ion02\02\smulderslab\Memory ROC\Georgia data\Christine test data\UWVWNDM2VUUUOK1r0FAj_responses.xlsx,Sheet1,Conf
R8YYjJ0nYFiG4Dkk3V3l,22,High Start,Clump,0,3,1,male,turker,29,08/07/2020,2.6223738831307E-16,0,0.075,0.019651289954782,5.0424678649619E-05,0.22241808362185,0.505543061388763,\\campus\rdw\ion02\02\smulderslab\Memory ROC\Georgia data\Christine test data\R8YYjJ0nYFiG4Dkk3V3l_responses.xlsx,Sheet1,Conf
nt0l5qvfaeXG8gGXjhkj,29,High Start,Even,1,unknown,0,female,turker,15,08/07/2020,0.563914373387987,0.45,0.6,0.763420157972789,0.190341039063241,1.27461807920151,0.871502397999747,\\campus\rdw\ion02\02\smulderslab\Memory ROC\Georgia data\Christine test data\nt0l5qvfaeXG8gGXjhkj_responses.xlsx,Sheet1,Conf
YGalL98umToGO0fANuif,53,High Start,Even,1,unknown,0,female,turker,14,08/07/2020,0.115067189550559,0,0.2,0.721207601695736,0.394642794609408,1.07687677317721,0.730063375627733,\\campus\rdw\ion02\02\smulderslab\Memory ROC\Georgia data\Christine test data\YGalL98umToGO0fANuif_responses.xlsx,Sheet1,Conf
yIWYJ0R3fVoVkYww6A6r,38,High Start,Clump,1,unknown,0,male,turker,30,08/07/2020,0.187335623899801,0,0.3,0.475268383663973,0.082559787386542,0.92307973344517,0.700605424277202,\\campus\rdw\ion02\02\smulderslab\Memory ROC\Georgia data\Christine test data\yIWYJ0R3fVoVkYww6A6r_responses.xlsx,Sheet1,Conf
spgdyQgiRTttHkoOWap8,36,Low Start,Even,1,unknown,0,male,turker,25,08/07/2020,0.276411423447542,0.1,0.4,0.147829334114857,1.71626891644805E-05,0.526397740033271,0.668325533237882,\\campus\rdw\ion02\02\smulderslab\Memory ROC\Georgia data\Christine test data\spgdyQgiRTttHkoOWap8_responses.xlsx,Sheet1,Conf
YKoNqHRvsmBygbqNJXkG,38,High Start,Even,1,unknown,1,female,turker,14,08/07/2020,0.04255817285668,0,0.2,0.249935105143857,3.46655630138659E-05,0.589208398186953,0.588433841093483,\\campus\rdw\ion02\02\smulderslab\Memory ROC\Georgia data\Christine test data\YKoNqHRvsmBygbqNJXkG_responses.xlsx,Sheet1,Conf
SmyRLfNxVQtv3TnP8w5c,65,High Start,Even,1,unknown,0,female,turker,24,08/07/2020,0.358817005443878,0.25,0.45,0.26499708164014,0,0.678130310215421,0.727060353634683,\\campus\rdw\ion02\02\smulderslab\Memory ROC\Georgia data\Christine test data\SmyRLfNxVQtv3TnP8w5c_responses.xlsx,Sheet1,Conf
I7gecEebgxjdrDaut4rP,35,High Start,Even,0,3,1,male,turker,19,08/07/2020,1.01360266034478E-06,0,0.3,0.806670930965235,0.380746962457222,1.04858553797721,0.715797624614924,\\campus\rdw\ion02\02\smulderslab\Memory ROC\Georgia data\Christine test data\I7gecEebgxjdrDaut4rP_responses.xlsx,Sheet1,Conf
qdtS2YyU7NJ57w5Yarqb,58,High Start,Even,1,unknown,0,female,turker,15,08/07/2020,0.224247469066634,0,0.35,0.828573468103475,0.446731473057834,1.26484485781816,0.783584343370086,\\campus\rdw\ion02\02\smulderslab\Memory ROC\Georgia data\Christine test data\qdtS2YyU7NJ57w5Yarqb_responses.xlsx,Sheet1,Conf
npSxykaJcxUwWf147xfI,45,High Start,Even,1,unknown,0,male,turker,22,08/07/2020,0.21347549817202,0,0.5,0.636824467872539,0.074564485679673,1.03164393963362,0.743399216803005,\\campus\rdw\ion02\02\smulderslab\Memory ROC\Georgia data\Christine test data\npSxykaJcxUwWf147xfI_responses.xlsx,Sheet1,Conf
JHR9mUFs9W1AFVWYIv9I,30,Low Start,Even,1,unknown,1,female,turker,31,08/07/2020,0.441147130484903,0.35,0.5,5.61719760298664E-07,4.04580837676198E-07,0.404338450126439,0.720573240690558,\\campus\rdw\ion02\02\smulderslab\Memory ROC\Georgia data\Christine test data\JHR9mUFs9W1AFVWYIv9I_responses.xlsx,Sheet1,Conf
T4Lc2pHL9EH9pg4sY2Ct,63,High Start,Even,1,unknown,0,male,turker,16,08/07/2020,0.02752739501028,0,0.1,2.44753900929995E-08,2.44753900929995E-08,0.125265460151686,0.513763409677118,\\campus\rdw\ion02\02\smulderslab\Memory ROC\Georgia data\Christine test data\T4Lc2pHL9EH9pg4sY2Ct_responses.xlsx,Sheet1,Conf
YfiRdT4N8QA2MYDBmtxJ,60,Low Start,Clump,1,unknown,0,male,turker,28,08/07/2020,0.283754345579927,0.1,0.4,0.449918630024288,0.020514213156623,0.873590505880376,0.731272087010209,\\campus\rdw\ion02\02\smulderslab\Memory ROC\Georgia data\Christine test data\YfiRdT4N8QA2MYDBmtxJ_responses.xlsx,Sheet1,Conf
D9Yd8tC7yEfBGutCdJa9,38,Low Start,Clump,1,unknown,0,male,turker,12,08/07/2020,0.136193282574473,0.04,0.2,0.431642086457838,0.117724462754176,0.728714149699412,0.671666406720622,\\campus\rdw\ion02\02\smulderslab\Memory ROC\Georgia data\Christine test data\D9Yd8tC7yEfBGutCdJa9_responses.xlsx,Sheet1,Conf
g3hR3K9F4Bb28KbBMUPn,25,Low Start,Clump,1,unknown,0,male,turker,18,08/07/2020,4.34715604442568E-15,0,0.05,5.03540039059893E-07,5.03540039059893E-07,0.062151977620752,0.49999985539445,\\campus\rdw\ion02\02\smulderslab\Memory ROC\Georgia data\Christine test data\g3hR3K9F4Bb28KbBMUPn_responses.xlsx,Sheet1,Conf
KIxlkCmxckPiXHDa3pIO,28,High Start,Even,1,unknown,0,female,turker,29,08/07/2020,0.145103834418241,0,0.5,1.00645074173566,0.08708189745799,1.36507896834455,0.796247903303613,\\campus\rdw\ion02\02\smulderslab\Memory ROC\Georgia data\Christine test data\KIxlkCmxckPiXHDa3pIO_responses.xlsx,Sheet1,Conf
g9GYR9WIOjvQIf2Ptry2,29,High Start,Even,1,unknown,1,male,turker,30,08/07/2020,1.85523545570779E-06,0,0.35,0.385705155467818,6.21787557450688E-05,0.634804222594158,0.607471871733854,\\campus\rdw\ion02\02\smulderslab\Memory ROC\Georgia data\Christine test data\g9GYR9WIOjvQIf2Ptry2_responses.xlsx,Sheet1,Conf
LdMglVQUlKnD7IQ2WVWN,33,Low Start,Clump,1,unknown,0,female,turker,25,08/07/2020,0.875233790030785,0,0.9,0.06035247630579,9.99200722162641E-16,2.33133838595496,0.939739940204698,\\campus\rdw\ion02\02\smulderslab\Memory ROC\Georgia data\Christine test data\LdMglVQUlKnD7IQ2WVWN_responses.xlsx,Sheet1,Conf
Or7cOaMVjEqeb69WHTfB,26,Low Start,Clump,1,unknown,1,male,turker,14,08/07/2020,0.093577673066038,0,0.25,0.069728723216604,3.65311664381989E-06,0.385348849279424,0.564610736034507,\\campus\rdw\ion02\02\smulderslab\Memory ROC\Georgia data\Christine test data\Or7cOaMVjEqeb69WHTfB_responses.xlsx,Sheet1,Conf
guHJc4v7958HPlfQyyLq,48,Low Start,Clump,1,unknown,0,male,turker,29,08/07/2020,0.088729649208139,0,0.2,0.15339811175631,2.94541122338217E-05,0.488359852531727,0.583720564112254,\\campus\rdw\ion02\02\smulderslab\Memory ROC\Georgia data\Christine test data\guHJc4v7958HPlfQyyLq_responses.xlsx,Sheet1,Conf
RrXbldE7FaT0c9Pkk8pG,26,Low Start,Clump,1,unknown,0,male,turker,24,08/07/2020,4.90936914014481E-07,0,0.2,0.24437054473362,4.38035202590011E-05,0.464514224312543,0.568594060251289,\\campus\rdw\ion02\02\smulderslab\Memory ROC\Georgia data\Christine test data\RrXbldE7FaT0c9Pkk8pG_responses.xlsx,Sheet1,Conf
FNkfqnyOpNtvEqN7MYfc,68,Low Start,Clump,1,unknown,0,male,turker,27,08/07/2020,0.257254218200237,0.15,0.35,2.39966066508772E-06,1.42193008743248E-06,0.393404312758934,0.628627251495349,\\campus\rdw\ion02\02\smulderslab\Memory ROC\Georgia data\Christine test data\FNkfqnyOpNtvEqN7MYfc_responses.xlsx,Sheet1,Conf
aq479F2OiHvxdVs3uE1d,39,Low Start,Clump,1,unknown,0,female,turker,17,08/07/2020,0.262235579028474,0.05,0.35,0.115152146266178,1.48797028982467E-05,0.579055485991829,0.65505641294343,\\campus\rdw\ion02\02\smulderslab\Memory ROC\Georgia data\Christine test data\aq479F2OiHvxdVs3uE1d_responses.xlsx,Sheet1,Conf
qc6aGXe8YMmHV9khFkMG,27,Low Start,Clump,1,unknown,0,male,turker,13,08/07/2020,2.3637160968767E-07,0,0.1,0.411776967032773,0.155147557037979,0.624193583685763,0.614539258430312,\\campus\rdw\ion02\02\smulderslab\Memory ROC\Georgia data\Christine test data\qc6aGXe8YMmHV9khFkMG_responses.xlsx,Sheet1,Conf
oBDPpgpdJJQpvDmrTG7k,32,Low Start,Clump,1,unknown,0,male,turker,15,08/07/2020,0.122511012348609,0,0.3,0.228001780782543,1.12386337310236E-05,0.579149972615871,0.617450100500493,\\campus\rdw\ion02\02\smulderslab\Memory ROC\Georgia data\Christine test data\oBDPpgpdJJQpvDmrTG7k_responses.xlsx,Sheet1,Conf
Fr4XGLJm6EIgpNw0WyD4,30,Low Start,Clump,1,unknown,1,female,turker,9,08/07/2020,7.17753066121292E-08,0,0.02,0.259444292136324,3.62269481303056E-05,0.593854589708616,0.572779159016178,\\campus\rdw\ion02\02\smulderslab\Memory ROC\Georgia data\Christine test data\Fr4XGLJm6EIgpNw0WyD4_responses.xlsx,Sheet1,Conf
U9EAb2w2B71kbw3duyDO,28,Low Start,Clump,1,unknown,1,male,turker,14,08/07/2020,0.130025538468079,0,0.25,0.085957661812609,3.46944695195361E-17,0.444414754316734,0.586094798914955,\\campus\rdw\ion02\02\smulderslab\Memory ROC\Georgia data\Christine test data\U9EAb2w2B71kbw3duyDO_responses.xlsx,Sheet1,Conf
n1VrivqSpDx8uSkXsFhB,31,Low Start,Clump,1,unknown,0,female,turker,16,08/07/2020,1.74911179564941E-07,0,0.075,0.007462741567845,6.14351653930943E-05,0.240281519716658,0.502104991150184,\\campus\rdw\ion02\02\smulderslab\Memory ROC\Georgia data\Christine test data\n1VrivqSpDx8uSkXsFhB_responses.xlsx,Sheet1,Conf
bddlnTSAiLsaHFpS9AQp,43,Low Start,Clump,1,unknown,0,male,turker,21,08/07/2020,0.22957896664195,0,0.45,0.162021474250667,1.92388617741486E-05,0.592166128851758,0.649924701648253,\\campus\rdw\ion02\02\smulderslab\Memory ROC\Georgia data\Christine test data\bddlnTSAiLsaHFpS9AQp_responses.xlsx,Sheet1,Conf
Y7fCuGwUSmiKQNI2cv3v,51,Low Start,Clump,1,unknown,1,male,turker,25,08/07/2020,0.257202625361897,0.04,0.35,0.779467869371703,0.406503269782768,1.21195312478721,0.784024245708196,\\campus\rdw\ion02\02\smulderslab\Memory ROC\Georgia data\Christine test data\Y7fCuGwUSmiKQNI2cv3v_responses.xlsx,Sheet1,Conf
aFdlob7xQe0Nkoo5bIM0,31,Low Start,Clump,1,unknown,0,male,turker,15,08/07/2020,0.092397226974948,0,0.3,0.833661259013563,0.402401707954714,1.15874106276327,0.74789748436292,\\campus\rdw\ion02\02\smulderslab\Memory ROC\Georgia data\Christine test data\aFdlob7xQe0Nkoo5bIM0_responses.xlsx,Sheet1,Conf
nKlCkq5OWso2pujfxJLD,30,Low Start,Clump,1,unknown,0,male,turker,15,08/07/2020,3.74070502594204E-07,0,0.15,0.335991837736247,3.43136578807837E-05,0.64057470117007,0.593897248292587,\\campus\rdw\ion02\02\smulderslab\Memory ROC\Georgia data\Christine test data\nKlCkq5OWso2pujfxJLD_responses.xlsx,Sheet1,Conf
26Y7x8Mxrs2uYKsOK6Me,45,Low Start,Clump,1,unknown,0,male,turker,12,08/07/2020,0.429258682828359,0.075,0.5,0.818540533303851,0.384862935237441,1.37943571846383,0.839413898750855,\\campus\rdw\ion02\02\smulderslab\Memory ROC\Georgia data\Christine test data\26Y7x8Mxrs2uYKsOK6Me_responses.xlsx,Sheet1,Conf
sftDP218kmWiYHRLEPU7,46,Low Start,Clump,1,unknown,0,female,turker,19,08/07/2020,0.18818430195099,0.1,0.25,0.429199896498246,0.114517683857346,0.719436585256999,0.690894243353739,\\campus\rdw\ion02\02\smulderslab\Memory ROC\Georgia data\Christine test data\sftDP218kmWiYHRLEPU7_responses.xlsx,Sheet1,Conf
09RaN4UIEharoVW5g8y6,52,Low Start,Clump,1,unknown,0,male,turker,32,08/07/2020,0.212027525624333,0.05,0.35,5.64098988439632E-08,7.55946595288923E-08,0.392130671588935,0.606013427921547,\\campus\rdw\ion02\02\smulderslab\Memory ROC\Georgia data\Christine test data\09RaN4UIEharoVW5g8y6_responses.xlsx,Sheet1,Conf
f7gT3xYnAXunkGPgdBFj,66,Low Start,Even,1,unknown,0,male,turker,21,08/07/2020,0.018881802491815,0,0.15,0.391666622344875,0.020311006387375,0.649676291694064,0.616471578976574,\\campus\rdw\ion02\02\smulderslab\Memory ROC\Georgia data\Christine test data\f7gT3xYnAXunkGPgdBFj_responses.xlsx,Sheet1,Conf
mhhYow4EvKjDM4uCyJNh,50,Low Start,Even,1,unknown,0,female,turker,21,08/07/2020,0.072784854076087,0,0.25,0.609052854743899,0.187592846411247,0.912814200797371,0.690907126429038,\\campus\rdw\ion02\02\smulderslab\Memory ROC\Georgia data\Christine test data\mhhYow4EvKjDM4uCyJNh_responses.xlsx,Sheet1,Conf
5jcUEO9WFjMe4oUaPfCM,33,Low Start,Even,1,unknown,0,male,turker,15,08/07/2020,1.47765874862744E-06,0,0.05,3.32421473536155E-05,1.26973704300488E-05,0.191282132858563,0.500009829599962,\\campus\rdw\ion02\02\smulderslab\Memory ROC\Georgia data\Christine test data\5jcUEO9WFjMe4oUaPfCM_responses.xlsx,Sheet1,Conf
9wMxnd2HhYrD63Ni7y9R,35,Low Start,Even,1,unknown,1,male,turker,14,08/07/2020,0.108131887733175,0,0.3,0.136793354763275,1.42692090387725E-05,0.461618207853541,0.588428074058597,\\campus\rdw\ion02\02\smulderslab\Memory ROC\Georgia data\Christine test data\9wMxnd2HhYrD63Ni7y9R_responses.xlsx,Sheet1,Conf
a7UHvqavy3wNbVwTLSPW,31,High Start,Even,1,unknown,0,male,turker,12,08/07/2020,0.212569673696719,0,0.35,0.725770427073894,0.328908567538698,1.15103253944044,0.760694360468795,\\campus\rdw\ion02\02\smulderslab\Memory ROC\Georgia data\Christine test data\a7UHvqavy3wNbVwTLSPW_responses.xlsx,Sheet1,Conf
Rvw45KKjpvs7NtpuLe5f,22,High Start,Even,0,9,1,male,turker,11,08/07/2020,0.395656359998518,0.3,0.5,3.79485636949659E-07,6.81501681750583E-07,0.354933291961485,0.697827844627935,\\campus\rdw\ion02\02\smulderslab\Memory ROC\Georgia data\Christine test data\Rvw45KKjpvs7NtpuLe5f_responses.xlsx,Sheet1,Conf
WGbdF8gIsIWqkBY3EHiB,32,High Start,Even,1,unknown,0,male,turker,12,08/07/2020,0.176043320741118,0.05,0.25,0.602232581376559,0.304366590122773,0.901981990899786,0.723882580684328,\\campus\rdw\ion02\02\smulderslab\Memory ROC\Georgia data\Christine test data\WGbdF8gIsIWqkBY3EHiB_responses.xlsx,Sheet1,Conf
7xvrlhTGaMaefbV3JmYm,29,High Start,Even,1,unknown,0,male,turker,11,08/07/2020,9.08561050891881E-06,0,0.4,1.00011622973816,0.285796292911188,1.20317807816932,0.760277359185333,\\campus\rdw\ion02\02\smulderslab\Memory ROC\Georgia data\Christine test data\7xvrlhTGaMaefbV3JmYm_responses.xlsx,Sheet1,Conf
TU3xBk82fYQNxdi0HUU6,57,High Start,Even,1,unknown,1,male,turker,14,08/07/2020,9.08561050891881E-06,0,0.4,1.00011622973816,0.285796292911188,1.20317807816932,0.760277359185333,\\campus\rdw\ion02\02\smulderslab\Memory ROC\Georgia data\Christine test data\7xvrlhTGaMaefbV3JmYm_responses.xlsx,Sheet1,Conf
TbIq4FVW3Yqh988o0xDJ,21,High Start,Even,1,unknown,0,male,turker,14,08/07/2020,0.177365131543801,0,0.3,0.297122563752858,1.96846373484559E-05,0.877342795609899,0.657128914297415,\\campus\rdw\ion02\02\smulderslab\Memory ROC\Georgia data\Christine test data\TbIq4FVW3Yqh988o0xDJ_responses.xlsx,Sheet1,Conf
7ND4KAS1RxhJDpUwDTwU,28,High Start,Even,1,unknown,1,male,turker,15,08/07/2020,9.10404953275408E-07,0,0.45,0.303960160145874,2.10479321055627E-05,0.594362234476169,0.585090034716927,\\campus\rdw\ion02\02\smulderslab\Memory ROC\Georgia data\Christine test data\7ND4KAS1RxhJDpUwDTwU_responses.xlsx,Sheet1,Conf
hVySt3NLTToapmeTMJ2p,35,High Start,Even,1,unknown,1,male,turker,20,08/07/2020,0.274870258360233,0.2,0.35,0.246803848235227,4.03626208235776E-05,0.536518436522055,0.687664765008253,\\campus\rdw\ion02\02\smulderslab\Memory ROC\Georgia data\Christine test data\hVySt3NLTToapmeTMJ2p_responses.xlsx,Sheet1,Conf
qYWdhLfoAG7dXx6DuqtW,57,High Start,Even,1,unknown,1,male,turker,32,08/07/2020,1.51398114394423E-07,0,0.15,1.16720963406567,0.836306688364699,1.40775816249786,0.795410968224962,\\campus\rdw\ion02\02\smulderslab\Memory ROC\Georgia data\Christine test data\qYWdhLfoAG7dXx6DuqtW_responses.xlsx,Sheet1,Conf
N06fnsCJU5tILhxvKGnB,68,Low Start,Even,1,unknown,0,female,turker,23,08/07/2020,0.107846619736751,0.03,0.15,5.09680265901974E-06,2.36635410910509E-06,0.323660019215948,0.553924275024803,\\campus\rdw\ion02\02\smulderslab\Memory ROC\Georgia data\Christine test data\N06fnsCJU5tILhxvKGnB_responses.xlsx,Sheet1,Conf
YgN8FNnWCVt2X7xN4sm3,27,Low Start,Even,1,unknown,0,female,turker,14,08/07/2020,0.17239506782789,0,0.3,0.522555311856241,0.071421657724611,0.964368678628748,0.705474444831928,\\campus\rdw\ion02\02\smulderslab\Memory ROC\Georgia data\Christine test data\YgN8FNnWCVt2X7xN4sm3_responses.xlsx,Sheet1,Conf
sdKXU6FRpjCGdB0cyMiO,62,Low Start,Even,1,unknown,0,female,turker,16,08/07/2020,0.273525048608624,0.075,0.35,0.853671647095791,0.500907121304838,1.24093327993282,0.801641171901368,\\campus\rdw\ion02\02\smulderslab\Memory ROC\Georgia data\Christine test data\sdKXU6FRpjCGdB0cyMiO_responses.xlsx,Sheet1,Conf
1ak7yQUoIX150qiE0LYe,72,Low Start,Even,1,unknown,0,male,turker,16,08/07/2020,0.120520060190526,0,0.5,0.455301130216786,0,0.778060249963116,0.671297065199293,\\campus\rdw\ion02\02\smulderslab\Memory ROC\Georgia data\Christine test data\1ak7yQUoIX150qiE0LYe_responses.xlsx,Sheet1,Conf
x0TCfkETI2GUXGkQJ2Fp,21,Low Start,Even,0,7,1,female,volunteer,18,08/07/2020,0.140863945519589,0,0.35,0.704162071868432,0.149406043382029,1.08563759379459,0.73429384326539,\\campus\rdw\ion02\02\smulderslab\Memory ROC\Georgia data\Christine test data\x0TCfkETI2GUXGkQJ2Fp_responses.xlsx,Sheet1,Conf
S71YIwRMOMlk7q7aiclh,37,Low Start,Even,1,unknown,0,male,turker,25,08/07/2020,0.090151987523616,0.02,0.15,0.164296905199265,4.09611959379977E-05,0.545904308392209,0.587150029683928,\\campus\rdw\ion02\02\smulderslab\Memory ROC\Georgia data\Christine test data\S71YIwRMOMlk7q7aiclh_responses.xlsx,Sheet1,Conf
Kw0SUVJir3TAHFcAT2Hj,23,Low Start,Even,1,unknown,1,male,turker,29,08/07/2020,0.027319441058734,0,0.1,1.10829959158027E-06,4.23332774266037E-07,0.222155228776829,0.513659730150914,\\campus\rdw\ion02\02\smulderslab\Memory ROC\Georgia data\Christine test data\Kw0SUVJir3TAHFcAT2Hj_responses.xlsx,Sheet1,Conf
JQkSpcsKC7CeH18kYyay,68,High Start,Even,1,unknown,1,male,turker,11,08/07/2020,2.08309466574029E-06,0,0.1,4.09620143082081E-05,1.5646097218076E-05,0.129311588977995,0.500012310041748,\\campus\rdw\ion02\02\smulderslab\Memory ROC\Georgia data\Christine test data\JQkSpcsKC7CeH18kYyay_responses.xlsx,Sheet1,Conf
QiMCA4ltqBfTaI4TnQ8T,25,High Start,Even,1,unknown,1,female,turker,15,08/07/2020,0.232995836513426,0.1,0.35,3.10542483522953E-08,4.58812682808762E-08,0.317319688693124,0.616497571535671,\\campus\rdw\ion02\02\smulderslab\Memory ROC\Georgia data\Christine test data\QiMCA4ltqBfTaI4TnQ8T_responses.xlsx,Sheet1,Conf
VDJgef9T10CQYlGSteli,27,High Start,Even,1,unknown,0,female,turker,15,08/07/2020,0.048067437964536,0,0.25,0.261319449325143,2.20013158106664E-05,0.572554570912788,0.593809606565745,\\campus\rdw\ion02\02\smulderslab\Memory ROC\Georgia data\Christine test data\VDJgef9T10CQYlGSteli_responses.xlsx,Sheet1,Conf
15TRDE8yE1yymY1CUJF7,28,Low Start,Clump,1,unknown,0,male,turker,27,08/07/2020,0.17439245619304,0,0.35,0.040519864042807,1.569278742789E-05,0.409702228785793,0.59663166937732,\\campus\rdw\ion02\02\smulderslab\Memory ROC\Georgia data\Christine test data\15TRDE8yE1yymY1CUJF7_responses.xlsx,Sheet1,Conf
rbmJtA4NYbLL39AVRmPL,57,Low Start,Even,1,unknown,0,female,turker,14,08/07/2020,0.179360802610077,0,0.25,0.854792757679248,0.458675967953035,1.2759216214836,0.776146586515828,\\campus\rdw\ion02\02\smulderslab\Memory ROC\Georgia data\Christine test data\rbmJtA4NYbLL39AVRmPL_responses.xlsx,Sheet1,Conf
3U0or9D0yXooHchaEbQ4,43,High Start,Even,1,unknown,1,female,volunteer,16,13/07/2020,0.396889982325961,0.15,0.5,0.837467051894178,0.434174870408378,1.37976353564178,0.833019359715953,\\campus\rdw\ion02\02\smulderslab\Memory ROC\Georgia data\Christine test data\3U0or9D0yXooHchaEbQ4_responses.xlsx,Sheet1,Conf
yAFP0tIMGn8OWNwcEE1q,33,Low Start,Clump,1,unknown,0,male,turker,7,13/07/2020,0.117174224541565,0,0.2,0.15392725105224,5.55111512312578E-17,0.599181673601219,0.596845382485079,\\campus\rdw\ion02\02\smulderslab\Memory ROC\Georgia data\Christine test data\yAFP0tIMGn8OWNwcEE1q_responses.xlsx,Sheet1,Conf
5KsLDbBTCb9P7hFB9xVx,37,Low Start,Clump,1,unknown,0,female,turker,10,13/07/2020,0.23709579484627,0.05,0.3,0.086031911767638,1.71343794187597E-05,0.494944955422622,0.637051193287025,\\campus\rdw\ion02\02\smulderslab\Memory ROC\Georgia data\Christine test data\5KsLDbBTCb9P7hFB9xVx_responses.xlsx,Sheet1,Conf
YUyF5d3E2PGMiAmtMcPW,27,Low Start,Clump,1,unknown,0,female,turker,11,13/07/2020,7.7412035115465E-16,0,0.15,2.57812499999975E-05,9.84756122754081E-06,0.169008472373877,0.500006986104627,\\campus\rdw\ion02\02\smulderslab\Memory ROC\Georgia data\Christine test data\YUyF5d3E2PGMiAmtMcPW_responses.xlsx,Sheet1,Conf
gk6eMjDNtUySn0U9wtR4,30,Low Start,Clump,0,12,1,male,turker,13,13/07/2020,0.057239020492885,0,0.15,0.316664599989467,0.022145422479432,0.620905303367298,0.612137042236859,\\campus\rdw\ion02\02\smulderslab\Memory ROC\Georgia data\Christine test data\gk6eMjDNtUySn0U9wtR4_responses.xlsx,Sheet1,Conf
yLtjtT66A069V6UKqWXk,40,Low Start,Clump,1,unknown,0,female,turker,18,13/07/2020,0.400771578614329,0.25,0.5,0.732575638709494,0.377778366117995,1.08291893525293,0.818897345090513,\\campus\rdw\ion02\02\smulderslab\Memory ROC\Georgia data\Christine test data\yLtjtT66A069V6UKqWXk_responses.xlsx,Sheet1,Conf
aM3Kw1D888nylpTvov6u,33,Low Start,Clump,1,unknown,0,male,turker,14,13/07/2020,0.012799003610736,0,0.075,0.017631074434413,3.97611377362875E-05,0.257358479739773,0.511309061223892,\\campus\rdw\ion02\02\smulderslab\Memory ROC\Georgia data\Christine test data\aM3Kw1D888nylpTvov6u_responses.xlsx,Sheet1,Conf
Fsm4xsL3xyfP3uUeFBtE,23,Low Start,Even,1,unknown,1,male,turker,13,13/07/2020,0.054205736842703,0,0.15,0.116528332600069,6.93889390390723E-17,0.411171152989423,0.558157610526859,\\campus\rdw\ion02\02\smulderslab\Memory ROC\Georgia data\Christine test data\Fsm4xsL3xyfP3uUeFBtE_responses.xlsx,Sheet1,Conf
Rs3nqxEpxlhx64v5Tgdn,28,Low Start,Even,1,unknown,0,male,turker,14,13/07/2020,0.358389987713727,0.3,0.4,0.005269096120095,4.85722573273506E-17,0.86485510021365,0.680148284240782,\\campus\rdw\ion02\02\smulderslab\Memory ROC\Georgia data\Christine test data\Rs3nqxEpxlhx64v5Tgdn_responses.xlsx,Sheet1,Conf
fOVJ0nYV8S8AQdOUSt3Q,30,Low Start,Clump,1,unknown,0,female,turker,23,13/07/2020,0.693971037018294,0.6,0.7,1.50485391950543E-06,1.31745911777413E-06,0.569609985464727,0.846985162844036,\\campus\rdw\ion02\02\smulderslab\Memory ROC\Georgia data\Christine test data\fOVJ0nYV8S8AQdOUSt3Q_responses.xlsx,Sheet1,Conf
xv5SkMFpL3NNn5fcqTOL,34,Low Start,Even,0,5,1,male,turker,18,13/07/2020,0.059175749953892,0,0.15,0.522631324864163,0.175842915673327,0.839518194533668,0.665201178415019,\\campus\rdw\ion02\02\smulderslab\Memory ROC\Georgia data\Christine test data\xv5SkMFpL3NNn5fcqTOL_responses.xlsx,Sheet1,Conf
brKsa3lhnOSooByTqaSi,24,Low Start,Even,0,4,1,male,turker,17,13/07/2020,0.042233804091943,0,0.25,0.889555195241259,0.477332313952444,1.15444852816524,0.7465066877289,\\campus\rdw\ion02\02\smulderslab\Memory ROC\Georgia data\Christine test data\brKsa3lhnOSooByTqaSi_responses.xlsx,Sheet1,Conf
usKwVqlsbBrkbBI56vcl,67,Low Start,Even,1,unknown,0,female,turker,19,13/07/2020,2.76671909676427E-07,0,0.15,0.248929829940035,3.73995675697328E-05,0.461900486194971,0.569860704352988,\\campus\rdw\ion02\02\smulderslab\Memory ROC\Georgia data\Christine test data\usKwVqlsbBrkbBI56vcl_responses.xlsx,Sheet1,Conf
YF2iVh3DUpa7xnsQ9q9v,58,Low Start,Even,1,unknown,0,female,turker,23,13/07/2020,0.491017572385248,0.4,0.6,3.39511872200611E-08,6.72210284154821E-08,0.393622945068097,0.745508363664873,\\campus\rdw\ion02\02\smulderslab\Memory ROC\Georgia data\Christine test data\YF2iVh3DUpa7xnsQ9q9v_responses.xlsx,Sheet1,Conf
R2oJFjxMkh2gKbTM1LLR,36,High Start,Even,1,unknown,0,male,turker,9,13/07/2020,0.248042347980383,0.2,0.35,0.196016499895413,3.98221027014969E-05,0.517710216106711,0.665467785275176,\\campus\rdw\ion02\02\smulderslab\Memory ROC\Georgia data\Christine test data\R2oJFjxMkh2gKbTM1LLR_responses.xlsx,Sheet1,Conf
DQKtnphD9xuu9nDWQ4QK,45,Low Start,Even,1,unknown,1,female,turker,29,13/07/2020,0.309243422778224,0.25,0.35,5.40838088716694E-06,3.53324927588987E-06,0.481943433654084,0.654622389965679,\\campus\rdw\ion02\02\smulderslab\Memory ROC\Georgia data\Christine test data\DQKtnphD9xuu9nDWQ4QK_responses.xlsx,Sheet1,Conf
q94vWbqCi8agrdyg23JA,35,High Start,Even,0,11,1,female,turker,27,13/07/2020,0.419147577387948,0,0.6,0.537726543023011,2.35357297582666E-05,1.31667217062597,0.79560510599156,\\campus\rdw\ion02\02\smulderslab\Memory ROC\Georgia data\Christine test data\q94vWbqCi8agrdyg23JA_responses.xlsx,Sheet1,Conf
nv7mSUnQr47tb5FtkRLR,27,High Start,Even,1,unknown,0,male,turker,16,13/07/2020,0.343655238046523,0.2,0.45,3.93050963579408E-07,6.40238602624194E-07,0.38170419851563,0.671827306636527,\\campus\rdw\ion02\02\smulderslab\Memory ROC\Georgia data\Christine test data\nv7mSUnQr47tb5FtkRLR_responses.xlsx,Sheet1,Conf
s9Mp2ePm7CrQu54SRPuv,35,High Start,Even,1,unknown,0,male,turker,12,13/07/2020,0.519592745996968,0.35,0.6,0.384949522284733,5.16171451906233E-05,0.908668933651268,0.811327449937482,\\campus\rdw\ion02\02\smulderslab\Memory ROC\Georgia data\Christine test data\s9Mp2ePm7CrQu54SRPuv_responses.xlsx,Sheet1,Conf
uoSCiUAEQ7bdSfudxpHU,36,High Start,Clump,1,unknown,1,male,turker,16,13/07/2020,0.142510558297319,0,0.25,0.514407063489134,0.172443422861482,0.886510315913012,0.692996351571853,\\campus\rdw\ion02\02\smulderslab\Memory ROC\Georgia data\Christine test data\uoSCiUAEQ7bdSfudxpHU_responses.xlsx,Sheet1,Conf
vduwI0sxkup0yEpVu7MI,37,High Start,Clump,1,unknown,0,male,turker,23,13/07/2020,0.017877996309942,0,0.15,0.048378103159626,3.51050133549473E-06,0.276069001693373,0.52233931972635,\\campus\rdw\ion02\02\smulderslab\Memory ROC\Georgia data\Christine test data\vduwI0sxkup0yEpVu7MI_responses.xlsx,Sheet1,Conf
SEj4ImIGMkDeb2yBLKJT,37,High Start,Clump,0,5,1,male,turker,26,13/07/2020,3.70144844055317E-08,0,0.3,0.563777390992454,0.02942759130632,0.759760064561838,0.654924466282274,\\campus\rdw\ion02\02\smulderslab\Memory ROC\Georgia data\Christine test data\SEj4ImIGMkDeb2yBLKJT_responses.xlsx,Sheet1,Conf
9NKjDpjUgYbaskMUxY0E,39,High Start,Clump,0,5,1,male,turker,26,13/07/2020,0.338530412523682,0,0.5,0.507403214895999,3.53687911574874E-05,1.12305528191796,0.76195217966388,\\campus\rdw\ion02\02\smulderslab\Memory ROC\Georgia data\Christine test data\9NKjDpjUgYbaskMUxY0E_responses.xlsx,Sheet1,Conf
BnnwA7h5gxb7c2jKGDjl,32,High Start,Clump,1,unknown,0,male,turker,20,13/07/2020,1.1830548846284E-07,0,0.45,0.474012412964183,3.5526709634857E-05,0.713834111095731,0.631254116317314,\\campus\rdw\ion02\02\smulderslab\Memory ROC\Georgia data\Christine test data\BnnwA7h5gxb7c2jKGDjl_responses.xlsx,Sheet1,Conf
aJcrJ8M1IchvYCFKj7lp,30,High Start,Clump,1,unknown,0,female,turker,13,13/07/2020,0.039851568898602,0,0.15,2.94143799694217E-07,3.08850989678928E-07,0.193718104831757,0.519925566043923,\\campus\rdw\ion02\02\smulderslab\Memory ROC\Georgia data\Christine test data\aJcrJ8M1IchvYCFKj7lp_responses.xlsx,Sheet1,Conf
90DNbHPl7P8OyednEqux,28,High Start,Clump,1,unknown,0,male,turker,27,13/07/2020,0.209623336483535,0,0.5,1.26318481351307,0.701698364726318,1.66288217806897,0.853089800528646,\\campus\rdw\ion02\02\smulderslab\Memory ROC\Georgia data\Christine test data\90DNbHPl7P8OyednEqux_responses.xlsx,Sheet1,Conf
BEwXspCxVBrlwnnWoNNv,30,High Start,Clump,1,unknown,1,male,turker,21,13/07/2020,0.348247020815979,0.1,0.5,5.64930734163515E-07,3.87517670538843E-07,0.659189551873798,0.674123227797126,\\campus\rdw\ion02\02\smulderslab\Memory ROC\Georgia data\Christine test data\BEwXspCxVBrlwnnWoNNv_responses.xlsx,Sheet1,Conf
laipF08K1smwwNWX7HAR,31,High Start,Even,1,unknown,0,female,turker,18,13/07/2020,0.063690012349378,0,0.1,6.0944288196969E-07,6.39915026068174E-07,0.172708671918245,0.531844862237363,\\campus\rdw\ion02\02\smulderslab\Memory ROC\Georgia data\Christine test data\laipF08K1smwwNWX7HAR_responses.xlsx,Sheet1,Conf
xCp0T48eCHFnCiyP1bkU,30,High Start,Even,1,unknown,1,male,turker,20,13/07/2020,0.734541621902728,0.7,0.7,1.00947853052996E-05,9.27959857668487E-06,0.612960612116892,0.867271069695492,\\campus\rdw\ion02\02\smulderslab\Memory ROC\Georgia data\Christine test data\xCp0T48eCHFnCiyP1bkU_responses.xlsx,Sheet1,Conf
KOVJkLP3kOf5IoQXDEvS,26,High Start,Clump,1,unknown,0,female,turker,39,13/07/2020,0.241495257125257,0.15,0.35,1.09111449653502E-06,6.46544969473916E-07,0.345075895435915,0.620747506152477,\\campus\rdw\ion02\02\smulderslab\Memory ROC\Georgia data\Christine test data\KOVJkLP3kOf5IoQXDEvS_responses.xlsx,Sheet1,Conf
wpFmGJyMvJXPSmwqoa8i,56,High Start,Even,1,unknown,0,male,turker,29,13/07/2020,0.272437486368261,0,0.4,0.317270120857563,3.36764777428528E-05,0.812012350370298,0.700793340720335,\\campus\rdw\ion02\02\smulderslab\Memory ROC\Georgia data\Christine test data\wpFmGJyMvJXPSmwqoa8i_responses.xlsx,Sheet1,Conf
lAWHxHdOh5t5EReWhhIK,31,High Start,Even,1,unknown,1,female,turker,13,13/07/2020,0.701765485940492,0.7,0.7,7.95784948859361E-06,6.96688311784275E-06,0.313480360592817,0.850882924661869,\\campus\rdw\ion02\02\smulderslab\Memory ROC\Georgia data\Christine test data\lAWHxHdOh5t5EReWhhIK_responses.xlsx,Sheet1,Conf
BBQgWA4Em8oSWMLx6pD6,32,High Start,Even,1,unknown,1,female,turker,18,13/07/2020,0.535529849468547,0.35,0.6,1.04913771890489,0.59545723196029,1.50872131522582,0.893594993372474,\\campus\rdw\ion02\02\smulderslab\Memory ROC\Georgia data\Christine test data\BBQgWA4Em8oSWMLx6pD6_responses.xlsx,Sheet1,Conf
pkYmrOvDnA80ltrPd8th,25,High Start,Even,1,unknown,0,male,turker,22,13/07/2020,0.000148015930716,0,0.8,0.705163221752174,1.62131648385351E-05,1.03676795968426,0.691023899610756,\\campus\rdw\ion02\02\smulderslab\Memory ROC\Georgia data\Christine test data\pkYmrOvDnA80ltrPd8th_responses.xlsx,Sheet1,Conf
MQHuFL3RIHuYShLfw6Tq,62,Low Start,Even,1,unknown,0,female,turker,24,13/07/2020,0.209551546513362,0,0.35,0.839886269003367,0.417107125169362,1.2908387624335,0.781604266432263,\\campus\rdw\ion02\02\smulderslab\Memory ROC\Georgia data\Christine test data\MQHuFL3RIHuYShLfw6Tq_responses.xlsx,Sheet1,Conf
kwVFXc1lansrVDxnLrpM,31,Low Start,Even,1,unknown,0,female,turker,11,13/07/2020,0.204667462902112,0.04,0.3,0.34938524448347,3.78456365027435E-05,0.704527497518321,0.679931063924009,\\campus\rdw\ion02\02\smulderslab\Memory ROC\Georgia data\Christine test data\kwVFXc1lansrVDxnLrpM_responses.xlsx,Sheet1,Conf
86SWdPFJX1UrRk3KXIhK,37,Low Start,Even,1,unknown,0,male,turker,11,13/07/2020,0.149995852201544,0,0.3,1.0148861301436,0.575581486013755,1.43290475252633,0.798980660124425,\\campus\rdw\ion02\02\smulderslab\Memory ROC\Georgia data\Christine test data\86SWdPFJX1UrRk3KXIhK_responses.xlsx,Sheet1,Conf
qANLXidtveGqteAiHKqj,31,Low Start,Clump,1,unknown,1,male,turker,13,13/07/2020,0.456447207135956,0,0.6,1.05304330013131,0.529294407379631,1.68119731441228,0.875932407921807,\\campus\rdw\ion02\02\smulderslab\Memory ROC\Georgia data\Christine test data\qANLXidtveGqteAiHKqj_responses.xlsx,Sheet1,Conf
IpiW8E0lAQjdUEsYIBet,36,Low Start,Clump,1,unknown,1,male,turker,11,13/07/2020,0.1353816372262,0,0.35,0.689525458770823,0.229053555752953,1.0731470071015,0.729436510806471,\\campus\rdw\ion02\02\smulderslab\Memory ROC\Georgia data\Christine test data\IpiW8E0lAQjdUEsYIBet_responses.xlsx,Sheet1,Conf
4gycIiueXXKkAQ0sPtji,33,High Start,Even,1,unknown,0,male,turker,34,13/07/2020,4.489656867401E-06,0,0.15,0.591622183078578,0.229543715764617,0.813298197050141,0.66215197361525,\\campus\rdw\ion02\02\smulderslab\Memory ROC\Georgia data\Christine test data\4gycIiueXXKkAQ0sPtji_responses.xlsx,Sheet1,Conf
YWY6Qj3MSmk0QlldEBUU,25,High Start,Even,1,unknown,0,male,turker,31,13/07/2020,0.228597961784492,0,0.35,0.006987325869278,2.63907513351778E-05,0.446561416517896,0.615819126311325,\\campus\rdw\ion02\02\smulderslab\Memory ROC\Georgia data\Christine test data\YWY6Qj3MSmk0QlldEBUU_responses.xlsx,Sheet1,Conf
p95f2GAcydLRO3IgtXV6,30,Low Start,Clump,1,unknown,0,male,turker,32,13/07/2020,7.34528036702082E-16,0,0.075,0.048598024305701,3.38149937773605E-05,0.295191921082977,0.51370626491301,\\campus\rdw\ion02\02\smulderslab\Memory ROC\Georgia data\Christine test data\p95f2GAcydLRO3IgtXV6_responses.xlsx,Sheet1,Conf
0dJglgq09qU4bHYDfkET,47,Low Start,Clump,1,unknown,0,female,turker,35,13/07/2020,1.47231412825146E-08,0,0.25,0.216577100733559,4.38214159841727E-05,0.580272052992633,0.560857019001971,\\campus\rdw\ion02\02\smulderslab\Memory ROC\Georgia data\Christine test data\0dJglgq09qU4bHYDfkET_responses.xlsx,Sheet1,Conf
jqgLnSiFfSU1Md6QiKPJ,32,Low Start,Even,0,7,1,female,volunteer,14,13/07/2020,0.256235429646027,0.01,0.5,0.431393933821071,6.7348667355108E-06,0.921102449870872,0.717244777584357,\\campus\rdw\ion02\02\smulderslab\Memory ROC\Georgia data\Christine test data\jqgLnSiFfSU1Md6QiKPJ_responses.xlsx,Sheet1,Conf
R4DA5Hg1wWIDB1635kn0,29,High Start,Clump,1,unknown,1,male,turker,17,13/07/2020,0.265730972797241,0,0.45,0.635415689484787,0.179636223168439,1.11896413595856,0.760183627846951,\\campus\rdw\ion02\02\smulderslab\Memory ROC\Georgia data\Christine test data\R4DA5Hg1wWIDB1635kn0_responses.xlsx,Sheet1,Conf
Haj0kheBS6F8QtdMi95i,40,Low Start,Even,1,unknown,1,male,volunteer,8,13/07/2020,0.3234759963875,0.15,0.4,0.942607161750326,0.552326801188066,1.34633351364333,0.829151595012066,\\campus\rdw\ion02\02\smulderslab\Memory ROC\Georgia data\Christine test data\Haj0kheBS6F8QtdMi95i_responses.xlsx,Sheet1,Conf
QTMg4pTB05wI5r0UOg07,27,Low Start,Clump,1,unknown,1,male,volunteer,16,13/07/2020,3.05936419614048E-06,0,0.4,0.556793674332176,4.1276893688145E-05,0.766729243938791,0.653104146047421,\\campus\rdw\ion02\02\smulderslab\Memory ROC\Georgia data\Christine test data\QTMg4pTB05wI5r0UOg07_responses.xlsx,Sheet1,Conf
YiriMmgQyWoVwuXDsAu7,34,High Start,Clump,0,10,1,female,volunteer,13,14/07/2020,1.67680818102913E-16,0,0.25,1.19858277846367,0.779515570505532,1.41945932412144,0.801648709441287,\\campus\rdw\ion02\02\smulderslab\Memory ROC\Georgia data\Christine test data\YiriMmgQyWoVwuXDsAu7_responses.xlsx,Sheet1,Conf
9MPVq5xRrEEViGom5moa,29,Low Start,Even,0,12,1,prefno,volunteer,11,14/07/2020,0.417444373425958,0,0.6,0.698999755131186,0.179681787656913,1.29421156285884,0.819082020087662,\\campus\rdw\ion02\02\smulderslab\Memory ROC\Georgia data\Christine test data\9MPVq5xRrEEViGom5moa_responses.xlsx,Sheet1,Conf
eNHPKmyfo0xeCsOHt8fo,40,High Start,Even,0,12,1,female,volunteer,16,14/07/2020,7.64766342411604E-06,0,0.5,0.530986779941113,3.87317429618964E-05,0.747968968982563,0.646344838370968,\\campus\rdw\ion02\02\smulderslab\Memory ROC\Georgia data\Christine test data\eNHPKmyfo0xeCsOHt8fo_responses.xlsx,Sheet1,Conf
MpcHswNRe4jGp7tg30Oh,24,Low Start,Clump,0,6,1,female,volunteer,15,14/07/2020,0.054329559863329,0,0.4,0.992143189150906,0.40884131106963,1.26733662394619,0.771639631796422,\\campus\rdw\ion02\02\smulderslab\Memory ROC\Georgia data\Christine test data\MpcHswNRe4jGp7tg30Oh_responses.xlsx,Sheet1,Conf
q076O9kSa6IuhQgK2T8k,36,High Start,Clump,1,unknown,1,male,volunteer,16,15/07/2020,0.370661406080898,0,0.5,1.01104323570909,0.43579125689164,1.70271481869817,0.850638390378768,\\campus\rdw\ion02\02\smulderslab\Memory ROC\Georgia data\Christine test data\q076O9kSa6IuhQgK2T8k_responses.xlsx,Sheet1,Conf
665rTvPXsHfxTWQva0Td,30,Low Start,Even,1,unknown,0,male,turker,13,20/07/2020,0.17398700225118,0.05,0.25,0.551609135296678,4.58356644946874E-05,1.07698524690031,0.71233980686779,\\campus\rdw\ion02\02\smulderslab\Memory ROC\Georgia data\Christine test data\665rTvPXsHfxTWQva0Td_responses.xlsx,Sheet1,Conf
O28BQaByq9cNLs4tBMwN,31,Low Start,Even,1,unknown,1,male,turker,11,20/07/2020,0.264990783716254,0,0.45,0.17533998218984,2.37833291359862E-05,0.668016790391984,0.668757536070135,\\campus\rdw\ion02\02\smulderslab\Memory ROC\Georgia data\Christine test data\O28BQaByq9cNLs4tBMwN_responses.xlsx,Sheet1,Conf
rMVoq5SUQkPgidDOX2WG,26,Low Start,Even,1,unknown,0,female,turker,13,20/07/2020,0.213284056351183,0.15,0.3,0.511180932954786,0.1805179192772,0.811331644018927,0.717664673490241,\\campus\rdw\ion02\02\smulderslab\Memory ROC\Georgia data\Christine test data\rMVoq5SUQkPgidDOX2WG_responses.xlsx,Sheet1,Conf
ThkoRClBrXn8oA7hp95a,31,Low Start,Even,1,unknown,0,female,turker,13,20/07/2020,0.109963255371488,0,0.2,0.162886274463471,2.15171855368673E-05,0.537331143167448,0.595787711609344,\\campus\rdw\ion02\02\smulderslab\Memory ROC\Georgia data\Christine test data\ThkoRClBrXn8oA7hp95a_responses.xlsx,Sheet1,Conf
s9xvqtm3mbesNQGC8rsJ,37,Low Start,Even,1,unknown,0,female,turker,13,20/07/2020,0.302583021601766,0.2,0.4,0.66100169288521,0.247968120388129,1.03210187103269,0.776751443877157,\\campus\rdw\ion02\02\smulderslab\Memory ROC\Georgia data\Christine test data\s9xvqtm3mbesNQGC8rsJ_responses.xlsx,Sheet1,Conf
OYqyDxALJwtWFO19KuiR,22,Low Start,Even,1,unknown,0,female,turker,17,20/07/2020,0.121039781851324,0,0.2,0.170643677605218,4.33794673439969E-05,0.571119341532635,0.602728257586753,\\campus\rdw\ion02\02\smulderslab\Memory ROC\Georgia data\Christine test data\OYqyDxALJwtWFO19KuiR_responses.xlsx,Sheet1,Conf
dpe9eGDmr3YvTipVN3Cv,44,Low Start,Even,1,unknown,0,male,turker,19,20/07/2020,0.390715024667064,0.3,0.45,0.253033121909207,4.39297158897304E-05,0.675666724004205,0.738616614414587,\\campus\rdw\ion02\02\smulderslab\Memory ROC\Georgia data\Christine test data\dpe9eGDmr3YvTipVN3Cv_responses.xlsx,Sheet1,Conf
a6d5HiN2MT67uLxuw77D,unknown,Low Start,Even,1,unknown,0,female,turker,16,20/07/2020,2.21607349812995E-05,0,0.04,1.26875868570148E-05,4.84622694416319E-06,0.158500159370853,0.500014372732349,\\campus\rdw\ion02\02\smulderslab\Memory ROC\Georgia data\Christine test data\a6d5HiN2MT67uLxuw77D_responses.xlsx,Sheet1,Conf
VrwHs4SrXXX93pGPJTcP,39,Low Start,Even,1,unknown,0,male,turker,11,20/07/2020,0.473711880891364,0.2,0.5,0.166270279897179,3.87082048960357E-05,0.731380729262962,0.761483852085974,\\campus\rdw\ion02\02\smulderslab\Memory ROC\Georgia data\Christine test data\VrwHs4SrXXX93pGPJTcP_responses.xlsx,Sheet1,Conf
N4QNxBuOE1UQSrldTWO6,29,High Start,Even,1,unknown,0,male,turker,11,20/07/2020,0,0,0.01,0,0,0.05683830066574,0.499999713348428,\\campus\rdw\ion02\02\smulderslab\Memory ROC\Georgia data\Christine test data\N4QNxBuOE1UQSrldTWO6_responses.xlsx,Sheet1,Conf
aknEH1A6P6TPkt4UtWP4,27,Low Start,Even,1,unknown,0,male,turker,24,20/07/2020,0.049099776418013,0,0.15,0.16948303392465,3.85891219511825E-05,0.446982633522627,0.56990381121988,\\campus\rdw\ion02\02\smulderslab\Memory ROC\Georgia data\Christine test data\aknEH1A6P6TPkt4UtWP4_responses.xlsx,Sheet1,Conf
bemm0iU4kWxNLDOLRuwt,24,High Start,Even,1,unknown,0,female,turker,11,20/07/2020,0.068650868155721,0.01,0.1,0.214711603113574,4.52432773724881E-05,0.623278346936156,0.590520079033609,\\campus\rdw\ion02\02\smulderslab\Memory ROC\Georgia data\Christine test data\bemm0iU4kWxNLDOLRuwt_responses.xlsx,Sheet1,Conf
R5GEFR6kDLPk399fLqTk,57,Low Start,Even,1,unknown,0,male,turker,24,20/07/2020,0.114874091178728,0.02,0.2,7.12363474123822E-07,8.2464976673259E-07,0.275513523483939,0.557436903878686,\\campus\rdw\ion02\02\smulderslab\Memory ROC\Georgia data\Christine test data\R5GEFR6kDLPk399fLqTk_responses.xlsx,Sheet1,Conf
xjtSL8rE1INFgXmmCW6H,40,Low Start,Even,1,unknown,0,male,turker,26,20/07/2020,0.306421490601678,0.1,0.45,0.297000396305661,3.37904033594979E-05,0.722338957747621,0.710895678793647,\\campus\rdw\ion02\02\smulderslab\Memory ROC\Georgia data\Christine test data\xjtSL8rE1INFgXmmCW6H_responses.xlsx,Sheet1,Conf
jdvoNWV5vugxHRn058yL,38,Low Start,Even,1,unknown,0,male,turker,24,20/07/2020,8.46496830270975E-08,0,0.15,0.831628722272178,0.402521831298835,1.21922579651493,0.721750469517641,\\campus\rdw\ion02\02\smulderslab\Memory ROC\Georgia data\Christine test data\jdvoNWV5vugxHRn058yL_responses.xlsx,Sheet1,Conf
1OAr1dV6PSYYmDOGGm1L,25,Low Start,Even,1,unknown,1,male,turker,23,20/07/2020,0.528045260953728,0,0.7,0.756948904774306,6.2740860678184E-05,1.55044167468506,0.86018751870063,\\campus\rdw\ion02\02\smulderslab\Memory ROC\Georgia data\Christine test data\1OAr1dV6PSYYmDOGGm1L_responses.xlsx,Sheet1,Conf
cj69Om7OukRikUDfOWXC,26,High Start,Even,0,5,1,male,turker,15,20/07/2020,0.329332022489186,0.04,0.45,0.741331238267127,0.259877698965488,1.26804496199167,0.798752636952237,\\campus\rdw\ion02\02\smulderslab\Memory ROC\Georgia data\Christine test data\cj69Om7OukRikUDfOWXC_responses.xlsx,Sheet1,Conf
cxCdkdtKXasHO7KgaAil,35,Low Start,Even,1,unknown,0,male,turker,30,20/07/2020,0.416701719856938,0.25,0.5,0.213087416020997,3.05311331771918E-16,0.731470152435157,0.743280868400571,\\campus\rdw\ion02\02\smulderslab\Memory ROC\Georgia data\Christine test data\cxCdkdtKXasHO7KgaAil_responses.xlsx,Sheet1,Conf
tj3UUnuw7Y2T69iuMk1t,30,High Start,Even,1,unknown,0,male,turker,12,20/07/2020,0.258290518252608,0,0.35,0.601979618555709,0.144349031129899,1.11242318827991,0.75139619683424,\\campus\rdw\ion02\02\smulderslab\Memory ROC\Georgia data\Christine test data\tj3UUnuw7Y2T69iuMk1t_responses.xlsx,Sheet1,Conf
4SeUCr4ST8Oa40LiOKxd,30,High Start,Even,1,unknown,0,female,turker,15,20/07/2020,0.189668822422339,0.075,0.3,3.20804572249481E-05,1.72421080529152E-05,0.360187444033141,0.594841403477911,\\campus\rdw\ion02\02\smulderslab\Memory ROC\Georgia data\Christine test data\4SeUCr4ST8Oa40LiOKxd_responses.xlsx,Sheet1,Conf
0C3Qh8c36OkJxrrCDwUB,27,Low Start,Even,1,unknown,0,male,turker,30,20/07/2020,0.449555921500333,0.4,0.5,3.86098675652181E-06,2.91993523273729E-06,0.384477332899261,0.724778144759266,\\campus\rdw\ion02\02\smulderslab\Memory ROC\Georgia data\Christine test data\0C3Qh8c36OkJxrrCDwUB_responses.xlsx,Sheet1,Conf
2BU3ABHCxKPryrTskobX,48,High Start,Even,1,unknown,0,female,turker,17,20/07/2020,2.67147415300428E-15,0,0.1,5.63964843749741E-06,2.15415401852377E-06,0.099519729727154,0.500001304263848,\\campus\rdw\ion02\02\smulderslab\Memory ROC\Georgia data\Christine test data\2BU3ABHCxKPryrTskobX_responses.xlsx,Sheet1,Conf
mBpBmK7YXDj64rA2rgcX,33,Low Start,Even,1,unknown,0,male,turker,30,20/07/2020,8.82972977489745E-08,0,0.1,3.00680705142365,2.63666134429088,3.40702274154426,0.983253645561512,\\campus\rdw\ion02\02\smulderslab\Memory ROC\Georgia data\Christine test data\mBpBmK7YXDj64rA2rgcX_responses.xlsx,Sheet1,Conf
ndr0HQCuhou3eUsP26Nl,64,High Start,Even,1,unknown,0,male,turker,14,20/07/2020,1.053507989421E-05,0,0.3,0.207812247575762,2.37685600416078E-05,0.412396782004145,0.558416825358279,\\campus\rdw\ion02\02\smulderslab\Memory ROC\Georgia data\Christine test data\ndr0HQCuhou3eUsP26Nl_responses.xlsx,Sheet1,Conf
YOJgUcayDbwfvVPHlEky,36,Low Start,Even,1,unknown,0,male,turker,30,20/07/2020,0.185425258280841,0.075,0.25,0.193385060089727,3.67716663052989E-05,0.525995507283474,0.637011650825247,\\campus\rdw\ion02\02\smulderslab\Memory ROC\Georgia data\Christine test data\YOJgUcayDbwfvVPHlEky_responses.xlsx,Sheet1,Conf
evKrfpE7Gv7kgP2IJqm5,61,Low Start,Even,1,unknown,0,male,turker,32,20/07/2020,6.14972914438442E-06,0,0.15,0.153526491852904,1.02222866701429E-05,0.357171803181152,0.543226627866166,\\campus\rdw\ion02\02\smulderslab\Memory ROC\Georgia data\Christine test data\evKrfpE7Gv7kgP2IJqm5_responses.xlsx,Sheet1,Conf
WrCc3AjdDjLp8d89oQXS,45,High Start,Even,1,unknown,0,male,turker,14,20/07/2020,0.106559490209421,0,0.2,0.258315830666116,4.89045092320392E-05,0.601295102999168,0.618023842214345,\\campus\rdw\ion02\02\smulderslab\Memory ROC\Georgia data\Christine test data\WrCc3AjdDjLp8d89oQXS_responses.xlsx,Sheet1,Conf
RU6tkGoAJGqIX1tDmJ11,54,High Start,Even,1,unknown,0,male,turker,23,20/07/2020,0.387531704635804,0,0.6,0.423396817599311,3.2588327635894E-05,1.02479844827845,0.765839302064669,\\campus\rdw\ion02\02\smulderslab\Memory ROC\Georgia data\Christine test data\RU6tkGoAJGqIX1tDmJ11_responses.xlsx,Sheet1,Conf
DxIVmdHVvNLygqsihrB8,23,Low Start,Clump,0,5,1,male,turker,13,20/07/2020,0.035836182729062,0,0.1,2.22216365971496E-07,2.33327184270071E-07,0.243031081327985,0.517917854880121,\\campus\rdw\ion02\02\smulderslab\Memory ROC\Georgia data\Christine test data\DxIVmdHVvNLygqsihrB8_responses.xlsx,Sheet1,Conf
F5byVBDpa03pXVUqdAvn,30,High Start,Even,1,unknown,0,male,turker,29,20/07/2020,1.10594423146397E-05,0,0.45,0.218195082273869,3.37167219239283E-05,0.474868267725026,0.561312927803125,\\campus\rdw\ion02\02\smulderslab\Memory ROC\Georgia data\Christine test data\F5byVBDpa03pXVUqdAvn_responses.xlsx,Sheet1,Conf
FThcQwVl7lBbPmbqijLk,47,Low Start,Clump,1,unknown,0,male,turker,12,20/07/2020,0.163614328484862,0,0.25,0.4844470944727,0.132988708989282,0.840072807913508,0.693910721433163,\\campus\rdw\ion02\02\smulderslab\Memory ROC\Georgia data\Christine test data\FThcQwVl7lBbPmbqijLk_responses.xlsx,Sheet1,Conf
u1I24m3v3qixyarBgr8M,27,Low Start,Clump,1,unknown,0,male,turker,13,20/07/2020,2.57378816604693E-06,0,0.05,2.05263236462744E-05,7.84035796879616E-06,0.188385319849418,0.500006790595744,\\campus\rdw\ion02\02\smulderslab\Memory ROC\Georgia data\Christine test data\u1I24m3v3qixyarBgr8M_responses.xlsx,Sheet1,Conf
Nb0lkuUSIll2q8a8N860,53,Low Start,Clump,1,unknown,0,female,turker,18,20/07/2020,0.07509470347328,0,0.2,0.8382121655835,0.417771873275699,1.19384738606479,0.744088468804445,\\campus\rdw\ion02\02\smulderslab\Memory ROC\Georgia data\Christine test data\Nb0lkuUSIll2q8a8N860_responses.xlsx,Sheet1,Conf
0VrYliuVSykEMQQiLToH,29,Low Start,Even,1,unknown,0,male,turker,34,20/07/2020,0.085717323660564,0.01,0.15,0.280360397870068,0.021247456699124,0.533141104518047,0.614696490184137,\\campus\rdw\ion02\02\smulderslab\Memory ROC\Georgia data\Christine test data\0VrYliuVSykEMQQiLToH_responses.xlsx,Sheet1,Conf
a0mGaLjGavE4oQHYsCUv,33,High Start,Even,1,unknown,1,male,turker,33,20/07/2020,0.476867621483381,0.3,0.5,1.0059813952255,0.352571179866168,1.73516458332743,0.875265102477497,\\campus\rdw\ion02\02\smulderslab\Memory ROC\Georgia data\Christine test data\a0mGaLjGavE4oQHYsCUv_responses.xlsx,Sheet1,Conf
UYGETxIi2KFC671yteAT,25,Low Start,Clump,1,unknown,1,female,turker,26,20/07/2020,2.56868906418739E-06,0,0.25,1.28847784081928,0.981695239980145,1.53656197408191,0.818876568455673,\\campus\rdw\ion02\02\smulderslab\Memory ROC\Georgia data\Christine test data\UYGETxIi2KFC671yteAT_responses.xlsx,Sheet1,Conf
JiPQnvvWW2O2wYJJaKRQ,33,High Start,Clump,0,4,1,male,turker,12,20/07/2020,0.257164542633764,0,0.35,1.1807624778836,0.857349696360608,1.66191837217603,0.850036142144876,\\campus\rdw\ion02\02\smulderslab\Memory ROC\Georgia data\Christine test data\JiPQnvvWW2O2wYJJaKRQ_responses.xlsx,Sheet1,Conf
3gjgXV5oRLIHsS9R4idI,28,High Start,Clump,1,unknown,1,male,turker,18,20/07/2020,2.44249801247277E-05,0,0.1,2.10527512244897E-05,8.04143541105908E-06,0.103178665982092,0.500017864557782,\\campus\rdw\ion02\02\smulderslab\Memory ROC\Georgia data\Christine test data\3gjgXV5oRLIHsS9R4idI_responses.xlsx,Sheet1,Conf
jC2lAXdlwhC53JyjuUgb,23,Low Start,Clump,1,unknown,1,male,turker,23,20/07/2020,6.27975851081844E-07,0,0.4,0.453160138707765,1.18794556311255E-05,0.653926865657821,0.625679740292538,\\campus\rdw\ion02\02\smulderslab\Memory ROC\Georgia data\Christine test data\jC2lAXdlwhC53JyjuUgb_responses.xlsx,Sheet1,Conf
8080qLaYPMjGX1vGUvI4,44,High Start,Clump,1,unknown,0,female,turker,20,20/07/2020,0.042041545230295,0,0.15,5.55008604812246E-08,5.82759035052858E-08,0.212752326729066,0.521020488910584,\\campus\rdw\ion02\02\smulderslab\Memory ROC\Georgia data\Christine test data\8080qLaYPMjGX1vGUvI4_responses.xlsx,Sheet1,Conf
b1UDYv3vLQsRXOqb33ga,48,High Start,Clump,1,unknown,0,female,turker,13,20/07/2020,0.334891378617956,0.3,0.45,2.98462796655355E-07,4.86164445764876E-07,0.232627384543344,0.667445362659101,\\campus\rdw\ion02\02\smulderslab\Memory ROC\Georgia data\Christine test data\b1UDYv3vLQsRXOqb33ga_responses.xlsx,Sheet1,Conf
shnOvXbyFCbhEh0OIt1c,40,High Start,Clump,1,unknown,0,male,turker,22,20/07/2020,3.29247915103792E-08,0,0.3,0.514862597907623,0.049626527832104,0.811004163854477,0.642094177480949,\\campus\rdw\ion02\02\smulderslab\Memory ROC\Georgia data\Christine test data\shnOvXbyFCbhEh0OIt1c_responses.xlsx,Sheet1,Conf
5hEVrS5OUJ37PXjM2jVj,25,High Start,Clump,1,unknown,0,female,turker,15,20/07/2020,0.046205483321779,0,0.3,4.8416504728335E-08,4.8416504728335E-08,0.197280433452212,0.523102454791414,\\campus\rdw\ion02\02\smulderslab\Memory ROC\Georgia data\Christine test data\5hEVrS5OUJ37PXjM2jVj_responses.xlsx,Sheet1,Conf
pWeHCpM6oniLeQ3IWLl3,29,High Start,Clump,1,unknown,0,female,turker,25,20/07/2020,5.86886233159094E-09,0,0.25,0.211029310575129,3.46886972858511E-05,0.591714970920928,0.559309796388797,\\campus\rdw\ion02\02\smulderslab\Memory ROC\Georgia data\Christine test data\pWeHCpM6oniLeQ3IWLl3_responses.xlsx,Sheet1,Conf
TsjH2oDvbANf3hUpXfWV,35,High Start,Clump,1,unknown,0,male,turker,27,20/07/2020,0.080526526450938,0,0.2,6.79496803330294E-07,7.13471643496808E-07,0.275804189276624,0.540263129737902,\\campus\rdw\ion02\02\smulderslab\Memory ROC\Georgia data\Christine test data\TsjH2oDvbANf3hUpXfWV_responses.xlsx,Sheet1,Conf
rVHWdWdg21Dy5X37q8Yv,28,High Start,Clump,1,unknown,0,male,turker,19,20/07/2020,0.552290066622198,0.45,0.6,2.04566524364053E-05,1.62442166103329E-05,0.45878851120005,0.77614717196793,\\campus\rdw\ion02\02\smulderslab\Memory ROC\Georgia data\Christine test data\rVHWdWdg21Dy5X37q8Yv_responses.xlsx,Sheet1,Conf
D95ms7JHPAGc5QDTcRtT,28,High Start,Clump,1,unknown,0,male,turker,13,20/07/2020,0.233363875613721,0.1,0.3,0.52998953187985,0.197717731010529,0.862891649061812,0.728672016307408,\\campus\rdw\ion02\02\smulderslab\Memory ROC\Georgia data\Christine test data\D95ms7JHPAGc5QDTcRtT_responses.xlsx,Sheet1,Conf
tXjHU6Tlfwm6sbkdbpND,26,Low Start,Clump,1,unknown,0,female,turker,12,20/07/2020,0.056774658442185,0,0.1,2.60437186808427E-07,2.73459046148849E-07,0.35163068604312,0.528387095591851,\\campus\rdw\ion02\02\smulderslab\Memory ROC\Georgia data\Christine test data\tXjHU6Tlfwm6sbkdbpND_responses.xlsx,Sheet1,Conf
JsyeiwqKnYvPM0erhPNF,35,Low Start,Clump,1,unknown,0,male,turker,14,20/07/2020,0.120977522374622,0,0.2,0.426443689532331,0.105791149954718,0.772818950715875,0.664651832804097,\\campus\rdw\ion02\02\smulderslab\Memory ROC\Georgia data\Christine test data\JsyeiwqKnYvPM0erhPNF_responses.xlsx,Sheet1,Conf
Cnu9MncTroHAKmmRY5oa,28,High Start,Clump,1,unknown,0,male,turker,22,20/07/2020,0.47140107819522,0,0.5,2.59818232031725,2.13453700051135,3.46196286188328,0.982507974497836,\\campus\rdw\ion02\02\smulderslab\Memory ROC\Georgia data\Christine test data\Cnu9MncTroHAKmmRY5oa_responses.xlsx,Sheet1,Conf
okP22ElrHo3EiH48Vw4B,45,Low Start,Clump,1,unknown,0,male,turker,17,20/07/2020,0.059176078912048,0,0.15,1.84860752484591E-07,1.84860752484591E-07,0.105436199426257,0.529587784903877,\\campus\rdw\ion02\02\smulderslab\Memory ROC\Georgia data\Christine test data\okP22ElrHo3EiH48Vw4B_responses.xlsx,Sheet1,Conf
x7wx2unDwh1a4lGBDfxs,35,Low Start,Clump,1,unknown,0,male,turker,15,20/07/2020,0.000959464599633,0.01,0.075,0.010941960774362,0.000154847072823,0.206766578565162,0.503563123152996,\\campus\rdw\ion02\02\smulderslab\Memory ROC\Georgia data\Christine test data\x7wx2unDwh1a4lGBDfxs_responses.xlsx,Sheet1,Conf
kAgW6YobUNksacMYsdj3,27,Low Start,Clump,1,unknown,0,male,turker,20,20/07/2020,8.06646416329215E-17,0,0.02,0.0010828125,6.33602260767377E-05,0.22933546949841,0.500305169078935,\\campus\rdw\ion02\02\smulderslab\Memory ROC\Georgia data\Christine test data\kAgW6YobUNksacMYsdj3_responses.xlsx,Sheet1,Conf
knCBd3H4TSeifkFaWrTY,30,Low Start,Clump,1,unknown,1,male,turker,18,20/07/2020,1.41848991324241E-06,0,0.25,0.525746877690539,0.063712642961799,0.848195188603051,0.644964135432567,\\campus\rdw\ion02\02\smulderslab\Memory ROC\Georgia data\Christine test data\knCBd3H4TSeifkFaWrTY_responses.xlsx,Sheet1,Conf
6hMH5A4co701o6YQqvxh,31,Low Start,Clump,1,unknown,0,male,turker,12,20/07/2020,1.57211324998868E-06,0,0.15,0.022936568405559,3.76763306965185E-05,0.236221057702593,0.506470491936556,\\campus\rdw\ion02\02\smulderslab\Memory ROC\Georgia data\Christine test data\6hMH5A4co701o6YQqvxh_responses.xlsx,Sheet1,Conf
ekYMQKAIWbMCbkEFYf0k,52,Low Start,Clump,1,unknown,0,female,turker,17,20/07/2020,0.203048332952346,0.15,0.25,0.026252909750096,1.08394972658558E-05,0.394616961547251,0.607425561873005,\\campus\rdw\ion02\02\smulderslab\Memory ROC\Georgia data\Christine test data\ekYMQKAIWbMCbkEFYf0k_responses.xlsx,Sheet1,Conf
Hc2Si80G6Y7wOn4wfWlK,37,Low Start,Clump,1,unknown,0,male,turker,24,20/07/2020,0.150366856995991,0,0.3,0.315178939797171,2.07896218958056E-05,0.769031584305197,0.650103592283335,\\campus\rdw\ion02\02\smulderslab\Memory ROC\Georgia data\Christine test data\Hc2Si80G6Y7wOn4wfWlK_responses.xlsx,Sheet1,Conf
UQTagLh9hm8gpn1pilEx,55,Low Start,Clump,1,unknown,0,female,turker,18,20/07/2020,0.169761225588371,0,0.3,0.028192976818323,6.93889390390723E-18,0.423734018476816,0.591482811936047,\\campus\rdw\ion02\02\smulderslab\Memory ROC\Georgia data\Christine test data\UQTagLh9hm8gpn1pilEx_responses.xlsx,Sheet1,Conf
idqM1Q6aXIRxAV7HNbHu,31,High Start,Even,1,unknown,0,male,turker,19,20/07/2020,1.22679439721939E-07,0,0.2,0.17087997329088,9.71445146547012E-17,0.387406748122694,0.548087077562493,\\campus\rdw\ion02\02\smulderslab\Memory ROC\Georgia data\Christine test data\idqM1Q6aXIRxAV7HNbHu_responses.xlsx,Sheet1,Conf
lEuMxRSPGNaGP8nJQSUb,42,High Start,Even,1,unknown,0,male,turker,12,20/07/2020,0.18570960970714,0,0.25,0.622450176282428,0.028159078538215,1.2426659259393,0.731350397193987,\\campus\rdw\ion02\02\smulderslab\Memory ROC\Georgia data\Christine test data\lEuMxRSPGNaGP8nJQSUb_responses.xlsx,Sheet1,Conf
APb1yHY02MDw6uIMXsGP,56,High Start,Even,1,unknown,0,female,turker,14,20/07/2020,3.48852372560851E-06,0,0.15,0.010823122105096,2.45460096298011E-05,0.208589286749809,0.503054563467785,\\campus\rdw\ion02\02\smulderslab\Memory ROC\Georgia data\Christine test data\APb1yHY02MDw6uIMXsGP_responses.xlsx,Sheet1,Conf
Rct1FlvnL4GIEejWhILy,30,High Start,Even,1,unknown,0,male,turker,18,20/07/2020,2.67175604556914E-15,0,0.05,1.6113281249974E-06,6.15472576720369E-07,0.056400527276485,0.500000167895692,\\campus\rdw\ion02\02\smulderslab\Memory ROC\Georgia data\Christine test data\Rct1FlvnL4GIEejWhILy_responses.xlsx,Sheet1,Conf
f3pqb0lQCJ1KTNusVBCk,32,High Start,Even,1,unknown,0,male,turker,12,20/07/2020,0.145674022333378,0,0.45,0.397343713266939,1.42915362854815E-05,0.762821791917239,0.667351791908011,\\campus\rdw\ion02\02\smulderslab\Memory ROC\Georgia data\Christine test data\f3pqb0lQCJ1KTNusVBCk_responses.xlsx,Sheet1,Conf
d3ENGYqtS0M2cipB7IaN,34,High Start,Even,1,unknown,0,female,turker,14,20/07/2020,0.10048910795498,0.04,0.15,0.002364304189339,1.02003621289344E-05,0.452714688224498,0.550844174473501,\\campus\rdw\ion02\02\smulderslab\Memory ROC\Georgia data\Christine test data\d3ENGYqtS0M2cipB7IaN_responses.xlsx,Sheet1,Conf
yBx39cGei0nxtXOlVGVP,29,High Start,Even,1,unknown,1,other,turker,15,20/07/2020,0.426848844389718,0.35,0.5,0.541295501884059,0.055536129647207,1.07916045171083,0.79885162519737,\\campus\rdw\ion02\02\smulderslab\Memory ROC\Georgia data\Christine test data\yBx39cGei0nxtXOlVGVP_responses.xlsx,Sheet1,Conf
yoKHdBstVQbTeCta1MWo,56,High Start,Even,1,unknown,0,male,turker,18,20/07/2020,0.426848844389718,0.35,0.5,0.541295501884059,0.055536129647207,1.07916045171083,0.79885162519737,\\campus\rdw\ion02\02\smulderslab\Memory ROC\Georgia data\Christine test data\yBx39cGei0nxtXOlVGVP_responses.xlsx,Sheet1,Conf
vftJ9uoivugqTtm9pkgV,31,High Start,Even,1,unknown,0,male,turker,30,20/07/2020,0.515511556395597,0.4,0.6,0.837364530565428,0.218568307738778,1.35891047518772,0.865849821475183,\\campus\rdw\ion02\02\smulderslab\Memory ROC\Georgia data\Christine test data\vftJ9uoivugqTtm9pkgV_responses.xlsx,Sheet1,Conf
EXJFBqlx1netrbC8Jybc,30,High Start,Clump,1,unknown,1,male,turker,13,20/07/2020,0.043211945169342,0,0.4,0.445525106688401,3.7014053578244E-05,0.695937897204131,0.639895316161589,\\campus\rdw\ion02\02\smulderslab\Memory ROC\Georgia data\Christine test data\EXJFBqlx1netrbC8Jybc_responses.xlsx,Sheet1,Conf
ji68n8xaRYeYS8N5639V,29,High Start,Even,1,unknown,0,male,turker,35,20/07/2020,0.372506023633526,0.075,0.45,2.5433595777519,2.10966687198314,3.0131153318772,0.97737560389912,\\campus\rdw\ion02\02\smulderslab\Memory ROC\Georgia data\Christine test data\ji68n8xaRYeYS8N5639V_responses.xlsx,Sheet1,Conf
yOT21Il3PSr3kCXq1INt,28,High Start,Even,1,unknown,0,male,turker,22,20/07/2020,0.488846806776582,0,0.7,0.873413296398188,0.184736789603682,1.57009727381523,0.862795618042377,\\campus\rdw\ion02\02\smulderslab\Memory ROC\Georgia data\Christine test data\yOT21Il3PSr3kCXq1INt_responses.xlsx,Sheet1,Conf
BhuXxSlAESArmyCtFEyf,45,High Start,Clump,1,unknown,0,male,turker,20,20/07/2020,0.403066151800416,0,0.5,0.073344419095452,1.74339655137685E-05,0.684163186432506,0.713877784126762,\\campus\rdw\ion02\02\smulderslab\Memory ROC\Georgia data\Christine test data\BhuXxSlAESArmyCtFEyf_responses.xlsx,Sheet1,Conf
fLVLDMAxrDiqOTRg1WYl,35,High Start,Clump,1,unknown,1,female,turker,26,20/07/2020,0.251974877844013,0,0.35,0.035338709360477,2.30707247381239E-05,0.519127409220579,0.633443278155416,\\campus\rdw\ion02\02\smulderslab\Memory ROC\Georgia data\Christine test data\fLVLDMAxrDiqOTRg1WYl_responses.xlsx,Sheet1,Conf
oXNCXYu9aEBTI5JwWCD7,44,High Start,Clump,1,unknown,0,female,turker,17,20/07/2020,0.123281962035503,0,0.25,0.443084554068683,0.081795387557133,0.792626249860744,0.669456578916206,\\campus\rdw\ion02\02\smulderslab\Memory ROC\Georgia data\Christine test data\oXNCXYu9aEBTI5JwWCD7_responses.xlsx,Sheet1,Conf
S8WNKUTTCGRcc2uVaWVc,39,High Start,Clump,1,unknown,0,female,turker,11,20/07/2020,0.275204474451129,0,0.4,1.00102223724958,0.513073313451077,1.55787467440662,0.82639267128116,\\campus\rdw\ion02\02\smulderslab\Memory ROC\Georgia data\Christine test data\S8WNKUTTCGRcc2uVaWVc_responses.xlsx,Sheet1,Conf
yeySjRDpegf6A34FEOqD,30,High Start,Clump,1,unknown,1,male,turker,16,20/07/2020,0.108229087037815,0,0.3,0.08833070832843,0,0.429260390544397,0.576320617608823,\\campus\rdw\ion02\02\smulderslab\Memory ROC\Georgia data\Christine test data\yeySjRDpegf6A34FEOqD_responses.xlsx,Sheet1,Conf
Yq6e9q9jISR4v3NaktCc,39,High Start,Clump,1,unknown,1,female,turker,15,20/07/2020,0.067127806305416,0,0.3,0.359912350352812,2.5125197203796E-05,0.716169104509968,0.627265009561818,\\campus\rdw\ion02\02\smulderslab\Memory ROC\Georgia data\Christine test data\Yq6e9q9jISR4v3NaktCc_responses.xlsx,Sheet1,Conf
F4Inj4dUN2p819y66FMy,28,High Start,Clump,1,unknown,0,male,turker,13,20/07/2020,0.122905976999344,0,0.45,1.03758101168661,0.454447761646871,1.38031831897283,0.796889535215161,\\campus\rdw\ion02\02\smulderslab\Memory ROC\Georgia data\Christine test data\F4Inj4dUN2p819y66FMy_responses.xlsx,Sheet1,Conf
NUQAq7JV6tCChSvLs3vh,43,High Start,Clump,1,unknown,0,male,turker,32,20/07/2020,9.76302372279747E-16,0,0.075,0.00103125,1.96951224550826E-05,0.217376039918539,0.500290623570602,\\campus\rdw\ion02\02\smulderslab\Memory ROC\Georgia data\Christine test data\NUQAq7JV6tCChSvLs3vh_responses.xlsx,Sheet1,Conf
bslCpghpkeRqiG5TypEt,30,High Start,Clump,1,unknown,0,female,turker,34,20/07/2020,6.39068312974686E-07,0,0.2,0.123519218626962,4.68375338513738E-17,0.363873519501606,0.534799887409707,\\campus\rdw\ion02\02\smulderslab\Memory ROC\Georgia data\Christine test data\bslCpghpkeRqiG5TypEt_responses.xlsx,Sheet1,Conf
lrPKptTVamKcCH2mt4sy,60,High Start,Clump,1,unknown,1,female,turker,18,20/07/2020,0.218397457172245,0,0.45,0.340157786343514,1.05281085855383E-05,0.771207760592314,0.683481523762499,\\campus\rdw\ion02\02\smulderslab\Memory ROC\Georgia data\Christine test data\lrPKptTVamKcCH2mt4sy_responses.xlsx,Sheet1,Conf
YsYXAMjuc43iFquHYefx,25,Low Start,Clump,1,unknown,1,male,turker,13,20/07/2020,0.012369326272197,0,0.2,6.77321513650855E-07,6.77321513650855E-07,0.256822736014561,0.506184561644326,\\campus\rdw\ion02\02\smulderslab\Memory ROC\Georgia data\Christine test data\YsYXAMjuc43iFquHYefx_responses.xlsx,Sheet1,Conf
rqm1IgfsGPrc6Y8VyP4R,30,Low Start,Clump,1,unknown,1,female,turker,25,20/07/2020,0.048970722024508,0,0.25,4.50812280179392E-07,4.50812280179392E-07,0.211222879335344,0.524485181267279,\\campus\rdw\ion02\02\smulderslab\Memory ROC\Georgia data\Christine test data\rqm1IgfsGPrc6Y8VyP4R_responses.xlsx,Sheet1,Conf
em3T90dauoSADClEIlLu,25,Low Start,Clump,1,unknown,0,male,turker,25,20/07/2020,0.042637999725452,0,0.15,1.06176892624026E-07,1.11485737255227E-07,0.200590151730192,0.521318729663768,\\campus\rdw\ion02\02\smulderslab\Memory ROC\Georgia data\Christine test data\em3T90dauoSADClEIlLu_responses.xlsx,Sheet1,Conf
9h0L5vT6bf7msMH7rpBb,46,Low Start,Clump,1,unknown,0,female,turker,17,20/07/2020,0.462252423750771,0.15,0.5,0.043118943439483,3.64998327415278E-05,0.590538731600499,0.737665768146936,\\campus\rdw\ion02\02\smulderslab\Memory ROC\Georgia data\Christine test data\9h0L5vT6bf7msMH7rpBb_responses.xlsx,Sheet1,Conf
,,,,,,,,,,,,,,,,,,,,
,,,,,,,,,,,,,,,,,,,,
,,,,,,,,,,,,,,,,,,,,
,,,,,,,,,,,,,,,,,,,,
,,,,,,,,,,,,,,,,,,,,
,,,,,,,,,,,,,,,,,,,,
,,,,,,,,,,,,,,,,,,,,
,,,,,,,,,,,,,,,,,,,,
,,,,,,,,,,,,,,,,,,,,
,,,,,,,,,,,,,,,,,,,,
,,,,,,,,,,,,,,,,,,,,
,,,,,,,,,,,,,,,,,,,,
,,,,,,,,,,,,,,,,,,,,
,,,,,,,,,,,,,,,,,,,,
,,,,,,,,,,,,,,,,,,,,
,,,,,,,,,,,,,,,,,,,,
,,,,,,,,,,,,,,,,,,,,
,,,,,,,,,exclusion: 40 people above 35 min,,,,,,,,,,,
Vj7GOPMiaXha1AwjaGVE,32,High Start,Even,1,unknown,1,female,turker,47,05/07/2020,0.587348931554137,0,0.7,2.55580641668425,2.07175150228344,3.36570516745247,0.985406981230599,\\campus\rdw\ion02\02\smulderslab\Memory ROC\Georgia data\Christine test data\Vj7GOPMiaXha1AwjaGVE_responses.xlsx,Sheet1,Conf
Ngs2Jw9TrpxIqspW3EKg,37,Low Start,Even,1,unknown,0,female,turker,58,05/07/2020,0.494528555106557,0.05,0.5,1.29995279991469E-05,1.66533453693773E-15,1.8879967503117,0.74726570276774,\\campus\rdw\ion02\02\smulderslab\Memory ROC\Georgia data\Christine test data\Ngs2Jw9TrpxIqspW3EKg_responses.xlsx,Sheet1,Conf
W6S1fJrUia28cHcleqUG,55,Low Start,Even,1,unknown,0,male,turker,45,05/07/2020,0.434074245545925,0,0.9,7.70740911982355,1.1685007718825,8.37066578202822,0.999999699092505,\\campus\rdw\ion02\02\smulderslab\Memory ROC\Georgia data\Christine test data\W6S1fJrUia28cHcleqUG_responses.xlsx,Sheet1,Conf
LuPPIbWPrkjYRwjYtL79,25,Low Start,Even,1,unknown,0,male,turker,40,05/07/2020,0.361928765017307,0,0.6,0.782571971995024,4.4619483211475E-05,1.43994498995221,0.814954077313996,\\campus\rdw\ion02\02\smulderslab\Memory ROC\Georgia data\Christine test data\LuPPIbWPrkjYRwjYtL79_responses.xlsx,Sheet1,Conf
JGeR1PaQq7n97hdGCmcw,62,High Start,Even,1,unknown,1,male,turker,63,05/07/2020,0.769704330160015,0.8,0.8,3.02013265987763E-05,2.60209912897159E-05,0.339277915707457,0.884853619861491,\\campus\rdw\ion02\02\smulderslab\Memory ROC\Georgia data\Christine test data\JGeR1PaQq7n97hdGCmcw_responses.xlsx,Sheet1,Conf
nkDhsoFTuRHSc7bd9MhC,27,High Start,Clump,1,unknown,0,male,turker,38,20/07/2020,0.209433123351385,0,0.4,0.29596928048375,1.14211734713435E-05,0.757102557875016,0.670243111387262,\\campus\rdw\ion02\02\smulderslab\Memory ROC\Georgia data\Christine test data\nkDhsoFTuRHSc7bd9MhC_responses.xlsx,Sheet1,Conf
TgUYhRTddiN36birod88,37,High Start,Even,1,unknown,0,male,turker,56,20/07/2020,0.076154475194843,0,0.25,0.11422310872912,1.04314093466613E-05,0.410944950651698,0.567812519063422,\\campus\rdw\ion02\02\smulderslab\Memory ROC\Georgia data\Christine test data\TgUYhRTddiN36birod88_responses.xlsx,Sheet1,Conf
pPDl4XuoVjfHh7fcQDQq,26,High Start,Even,0,10,1,male,turker,38,20/07/2020,0.78036905662177,0.6,0.8,0.311666769882358,0.000152908392452,1.5402694615266,0.90933888254466,\\campus\rdw\ion02\02\smulderslab\Memory ROC\Georgia data\Christine test data\pPDl4XuoVjfHh7fcQDQq_responses.xlsx,Sheet1,Conf
ldmenIg6FI6nHtIABVX2,51,High Start,Clump,1,unknown,1,male,turker,40,20/07/2020,0.591667277251286,0.6,0.6,1.63064270081448E-06,1.35960362991241E-06,0.242567409135661,0.795833370204489,\\campus\rdw\ion02\02\smulderslab\Memory ROC\Georgia data\Christine test data\ldmenIg6FI6nHtIABVX2_responses.xlsx,Sheet1,Conf
Lfv781sNINjgb0uteeJ7,38,High Start,Clump,1,unknown,0,female,turker,54,20/07/2020,0.241958715808284,0,0.5,0.249173404101807,3.39007074684696E-05,0.802430695387852,0.67398776222041,\\campus\rdw\ion02\02\smulderslab\Memory ROC\Georgia data\Christine test data\Lfv781sNINjgb0uteeJ7_responses.xlsx,Sheet1,Conf
35dAEhLbJITN0UNcxYTm,25,Low Start,Even,1,unknown,0,female,turker,85,20/07/2020,0.021212227780732,0,0.075,0.191020082324463,3.74845511611636E-05,0.458094482977755,0.563188618921059,\\campus\rdw\ion02\02\smulderslab\Memory ROC\Georgia data\Christine test data\35dAEhLbJITN0UNcxYTm_responses.xlsx,Sheet1,Conf
uE8Vx0FQANiJLgPkWV5D,42,Low Start,Clump,1,unknown,0,male,turker,45,20/07/2020,0.321885035272731,0.25,0.4,2.05228145660615E-07,3.51009774916577E-07,0.270758147400739,0.660942177974686,\\campus\rdw\ion02\02\smulderslab\Memory ROC\Georgia data\Christine test data\uE8Vx0FQANiJLgPkWV5D_responses.xlsx,Sheet1,Conf
HVwPP1S1hKGJdqPluo0O,32,Low Start,Clump,1,unknown,0,male,turker,41,20/07/2020,0.529221967514856,0.15,0.6,0.788820326632951,0.116589162996449,1.56891243607025,0.864181545478996,\\campus\rdw\ion02\02\smulderslab\Memory ROC\Georgia data\Christine test data\HVwPP1S1hKGJdqPluo0O_responses.xlsx,Sheet1,Conf
Dnefkqq8eFvwxGpXu9AO,32,Low Start,Clump,1,unknown,0,male,turker,37,20/07/2020,0.468980102255337,0.45,0.5,0.362761160149001,3.65037919617312E-05,0.857210809450546,0.788240538412789,\\campus\rdw\ion02\02\smulderslab\Memory ROC\Georgia data\Christine test data\Dnefkqq8eFvwxGpXu9AO_responses.xlsx,Sheet1,Conf
y4wnaymqkaxJU4kudXrM,28,High Start,Even,1,unknown,0,male,turker,56,20/07/2020,0.181296076623045,0,0.8,6.71113223333079,0.402455694499165,7.15535857889604,0.99999886187407,\\campus\rdw\ion02\02\smulderslab\Memory ROC\Georgia data\Christine test data\y4wnaymqkaxJU4kudXrM_responses.xlsx,Sheet1,Conf
Tjm6534r6HakJnC5sk0E,35,Low Start,Even,1,unknown,0,male,turker,66,05/07/2020,1.0035953462545E-05,0,0.9,3.80624511066798,1.55735870982259,4.2994690783153,0.99644233833965,\\campus\rdw\ion02\02\smulderslab\Memory ROC\Georgia data\Christine test data\Tjm6534r6HakJnC5sk0E_responses.xlsx,Sheet1,Conf
W7JSi5rwb0XJ9fIArcYM,35,Low Start,Clump,1,unknown,0,male,turker,52,05/07/2020,0.082960747020991,0.03,0.1,0.016257756151353,4.04909351997203E-05,0.301757751107519,0.545685723688474,\\campus\rdw\ion02\02\smulderslab\Memory ROC\Georgia data\Christine test data\W7JSi5rwb0XJ9fIArcYM_responses.xlsx,Sheet1,Conf
aTLctsSSDxDNOxjny6hM,45,High Start,Clump,0,3,1,male,turker,42,05/07/2020,0.204366985745296,0,0.8,2.90360879251757,1.69761043572487,3.36818837380869,0.984064406534329,\\campus\rdw\ion02\02\smulderslab\Memory ROC\Georgia data\Christine test data\aTLctsSSDxDNOxjny6hM_responses.xlsx,Sheet1,Conf
0frgcAbRqChDchaRBwUo,32,High Start,Even,0,5,1,female,turker,40,05/07/2020,0.271390426555875,0,0.45,1.1608850387613,0.620135671186072,1.67748965802541,0.850007959387347,\\campus\rdw\ion02\02\smulderslab\Memory ROC\Georgia data\Christine test data\0frgcAbRqChDchaRBwUo_responses.xlsx,Sheet1,Conf
wBOwfk52FUpqIst0CXCM,29,High Start,Even,1,unknown,0,male,turker,43,05/07/2020,2.81936225471354E-06,0,0.3,0.316107240642462,3.58131804581609E-05,0.506384307534672,0.588436074447513,\\campus\rdw\ion02\02\smulderslab\Memory ROC\Georgia data\Christine test data\wBOwfk52FUpqIst0CXCM_responses.xlsx,Sheet1,Conf
VR32QsoMOsnV9VwbMWc1,35,High Start,Clump,1,unknown,0,female,turker,41,08/07/2020,0.098295471949592,0,0.8,1.60626534421071,0.410020306767905,1.92457139789208,0.884563579593539,\\campus\rdw\ion02\02\smulderslab\Memory ROC\Georgia data\Christine test data\VR32QsoMOsnV9VwbMWc1_responses.xlsx,Sheet1,Conf
pN7ly3qFENDySgHJ5Kgf,27,High Start,Clump,1,unknown,0,male,turker,51,08/07/2020,0.000396730363369,0,0.7,2.11092332285272,3.67449986210653E-05,2.35176638704635,0.932261941517194,\\campus\rdw\ion02\02\smulderslab\Memory ROC\Georgia data\Christine test data\pN7ly3qFENDySgHJ5Kgf_responses.xlsx,Sheet1,Conf
Q26IBqm0m98iXbpnNWpW,28,Low Start,Even,1,unknown,0,male,turker,53,08/07/2020,0.626793882708513,0,0.7,2.01967866419711,1.40404339989203,3.15051899512929,0.971401881370318,\\campus\rdw\ion02\02\smulderslab\Memory ROC\Georgia data\Christine test data\Q26IBqm0m98iXbpnNWpW_responses.xlsx,Sheet1,Conf
fcw3HbDUMWmThgo0nOpW,25,Low Start,Even,1,unknown,1,male,turker,51,08/07/2020,0.000985112605688,0,0.35,1.44204183017739E-07,1.44204183017739E-07,0.261979111698585,0.500492310008063,\\campus\rdw\ion02\02\smulderslab\Memory ROC\Georgia data\Christine test data\fcw3HbDUMWmThgo0nOpW_responses.xlsx,Sheet1,Conf
gwUVwxWFv1FLS2I4L9KN,47,High Start,Even,1,unknown,0,male,turker,47,08/07/2020,1.01137792739766E-08,0,0.02,1.33292654602429,1.07357568544066,1.59709850354403,0.827036828488202,\\campus\rdw\ion02\02\smulderslab\Memory ROC\Georgia data\Christine test data\gwUVwxWFv1FLS2I4L9KN_responses.xlsx,Sheet1,Conf
elo3SLTd6aahMlpv6DSJ,34,Low Start,Clump,1,unknown,0,male,turker,62,08/07/2020,1.47765874862744E-06,0,0.05,3.32421473536155E-05,1.26973704300488E-05,0.191282132858563,0.500009829599962,\\campus\rdw\ion02\02\smulderslab\Memory ROC\Georgia data\Christine test data\5jcUEO9WFjMe4oUaPfCM_responses.xlsx,Sheet1,Conf
Y8xH7aHbW62k5VhEq5Wd,38,Low Start,Clump,1,unknown,0,male,turker,38,08/07/2020,6.04786387822396E-06,0,0.4,0.23744711696773,3.52052542105896E-05,0.525464245535766,0.566671541100898,\\campus\rdw\ion02\02\smulderslab\Memory ROC\Georgia data\Christine test data\Y8xH7aHbW62k5VhEq5Wd_responses.xlsx,Sheet1,Conf
Va3DKSw262QBcXk3Q8gT,29,Low Start,Even,1,unknown,0,male,turker,36,08/07/2020,0.426912364138223,0.3,0.45,2.09559500217452E-06,1.43748612799045E-06,0.438345541544106,0.713456111828206,\\campus\rdw\ion02\02\smulderslab\Memory ROC\Georgia data\Christine test data\Va3DKSw262QBcXk3Q8gT_responses.xlsx,Sheet1,Conf
FEEvbEK7stuiBAnf3Sad,54,Low Start,Even,1,unknown,0,female,turker,50,08/07/2020,0.723429077439191,0,0.8,1.59715996216578,4.97380324173365E-05,3.20456036547248,0.964219055527713,\\campus\rdw\ion02\02\smulderslab\Memory ROC\Georgia data\Christine test data\FEEvbEK7stuiBAnf3Sad_responses.xlsx,Sheet1,Conf
vov0WP14j8bV65Um08Fk,29,High Start,Even,1,unknown,0,male,turker,50,13/07/2020,1.36999786515268E-15,0,0.1,1.28906249999974E-05,4.92378061376991E-06,0.109465338737912,0.500003349726528,\\campus\rdw\ion02\02\smulderslab\Memory ROC\Georgia data\Christine test data\vov0WP14j8bV65Um08Fk_responses.xlsx,Sheet1,Conf
tKvKGP4COH0bJ6xEG2XF,32,Low Start,Clump,1,unknown,0,female,turker,53,13/07/2020,0.093283817994338,0,0.4,0.558854871585525,0.015600943589974,0.866566562914142,0.68595068000092,\\campus\rdw\ion02\02\smulderslab\Memory ROC\Georgia data\Christine test data\tKvKGP4COH0bJ6xEG2XF_responses.xlsx,Sheet1,Conf
FaSlI9fBd6i3BMXHY4Yj,25,Low Start,Clump,1,unknown,1,male,turker,55,13/07/2020,0.033414978545797,0,0.3,0.478848205467735,6.41546872987155E-05,0.727250361521681,0.644821527153808,\\campus\rdw\ion02\02\smulderslab\Memory ROC\Georgia data\Christine test data\FaSlI9fBd6i3BMXHY4Yj_responses.xlsx,Sheet1,Conf
q298DODQ9x3QbaBf6lNG,33,Low Start,Even,1,unknown,0,female,turker,58,13/07/2020,0.321666677678737,0.3,0.35,1.3739107595643E-05,9.42442435642925E-06,0.351720086382302,0.660835589025333,\\campus\rdw\ion02\02\smulderslab\Memory ROC\Georgia data\Christine test data\q298DODQ9x3QbaBf6lNG_responses.xlsx,Sheet1,Conf
cey7wlOYPHuh3eEbUA1L,65,High Start,Clump,1,unknown,0,female,turker,39,13/07/2020,1.83246904521088E-15,0,0.2,8.86230468749741E-06,3.3850991719665E-06,0.181878535870349,0.500002213358372,\\campus\rdw\ion02\02\smulderslab\Memory ROC\Georgia data\Christine test data\cey7wlOYPHuh3eEbUA1L_responses.xlsx,Sheet1,Conf
HnBEWYoFfT65KVT6eDLJ,40,High Start,Clump,1,unknown,0,male,turker,45,13/07/2020,0.269618153251249,0,0.7,1.00571689138818,5.41801501233691E-05,1.45707721472834,0.825806646492401,\\campus\rdw\ion02\02\smulderslab\Memory ROC\Georgia data\Christine test data\HnBEWYoFfT65KVT6eDLJ_responses.xlsx,Sheet1,Conf
HkNSMmUGVIv5Qcb1Gqdh,30,High Start,Even,1,unknown,0,male,turker,55,13/07/2020,0.049874414196359,0,0.15,2.93076009257919E-07,3.07729809720815E-07,0.238478944090944,0.524936984701886,\\campus\rdw\ion02\02\smulderslab\Memory ROC\Georgia data\Christine test data\HkNSMmUGVIv5Qcb1Gqdh_responses.xlsx,Sheet1,Conf
jpM9AjnXgLDiX6b60T2w,28,Low Start,Even,0,10,1,male,turker,57,20/07/2020,0.000121363294311,0,0.05,5.78420246296185E-06,2.20936874304057E-06,0.164241566968058,0.500062026456123,\\campus\rdw\ion02\02\smulderslab\Memory ROC\Georgia data\Christine test data\jpM9AjnXgLDiX6b60T2w_responses.xlsx,Sheet1,Conf
ISy44fPvT2NCYbwC0kpd,35,Low Start,Even,1,unknown,0,male,turker,51,20/07/2020,0.121729766845405,0,0.35,0.221026137820291,1.70598619336595E-05,0.5520705836419,0.615402899085131,\\campus\rdw\ion02\02\smulderslab\Memory ROC\Georgia data\Christine test data\ISy44fPvT2NCYbwC0kpd_responses.xlsx,Sheet1,Conf
UXdFhdXS7c6n1mbPo55H,30,Low Start,Even,1,unknown,0,female,turker,41,20/07/2020,0.394299092559624,0,0.5,1.51775334103436,1.14951501543812,2.04049697369926,0.914239955039643,\\campus\rdw\ion02\02\smulderslab\Memory ROC\Georgia data\Christine test data\UXdFhdXS7c6n1mbPo55H_responses.xlsx,Sheet1,Conf
4o9gKp3jnoFy8J2pmGVh,36,Low Start,Even,1,unknown,1,male,turker,49,20/07/2020,2.0781257382966E-06,0,0.9,2.50527531565758,3.5352491561353E-05,2.76409219826466,0.961760756121174,\\campus\rdw\ion02\02\smulderslab\Memory ROC\Georgia data\Christine test data\4o9gKp3jnoFy8J2pmGVh_responses.xlsx,Sheet1,Conf
lVRFOBOKmNW4aTgx2BNV,38,Low Start,Even,1,unknown,0,male,turker,47,20/07/2020,0.922808804366817,0.9,0.9,2.73010706466643E-06,2.6351241466309E-06,0.507788296571946,0.961403910459708,\\campus\rdw\ion02\02\smulderslab\Memory ROC\Georgia data\Christine test data\lVRFOBOKmNW4aTgx2BNV_responses.xlsx,Sheet1,Conf
